	doc_name	sentence_id	sentence_rus	sentence_zho	proper_names	proper_zh	wordlist	jieba	pku	stanford
0	futlar.xml	###undefined###	На самом краю села Мироносицкого, в сарае старосты Прокофия расположились на ночлег запоздавшие охотники.	在米罗诺西茨村边，在村长普罗科菲的堆房里，误了归时的猎人们正安顿下来过夜。	Мироносицкого_Прокофия	米罗诺西茨_普罗科菲	普罗科菲		米罗诺西茨村_普罗科菲	米罗诺西茨_普罗科菲
1	futlar.xml	###undefined###	Их было только двое: ветеринарный врач Иван Иваныч и учитель гимназии Буркин.	他们只有二人：兽医伊凡·伊凡内奇和中学教员布尔金。	Иван_Иваныч_Буркин	伊凡_伊凡内奇_布尔金	布尔金	伊凡_伊凡_内奇_布尔金	伊凡·伊凡内奇_布尔金	伊凡·伊凡内奇_布尔金
2	futlar.xml	###undefined###	У Ивана Иваныча была довольно странная, двойная фамилия — Чимша-Гималайский, которая совсем не шла ему, и его во всей губернии звали просто по имени и отчеству, он жил около города на конском заводе и приехал теперь на охоту, чтобы подышать чистым воздухом.	伊凡·伊凡内奇有个相当古怪的复姓：奇木沙-喜马拉雅斯基，这个姓跟他很不相称，所以省城里的人通常只叫他的名字和父称。他住在城郊的养马场现在出来打猎是想呼吸点新鲜空气，	Ивана_Иваныча_Чимша-Гималайский	伊凡_伊凡内奇_奇木沙-喜马拉雅		伊凡_伊凡_内奇_奇木沙_喜马拉雅_斯基	伊凡·伊凡内奇_奇木沙_喜马拉雅斯基	伊凡·伊凡内奇_奇木沙
3	futlar.xml	###undefined###	Учитель же гимназии Буркин каждое лето гостил у графов П. и в этой местности давно уже был своим человеком.	中学教员布尔金每年夏天都在ｎ姓伯爵家里做客，所以在这一带早已不算外人了。	Буркин	布尔金	布尔金	布尔金	布尔金	布尔金
4	futlar.xml	###undefined###	Иван Иваныч, высокий, худощавый старик с длинными усами, сидел снаружи у входа и курил трубку, его освещала луна. Буркин лежал внутри на сене, и его не было видно в потемках.	伊凡·伊凡内奇，一坐在门外月光下吸着烟斗，布尔金躺在里面的干草上，在黑暗中看不见他。	Иван_Иваныч_Буркин	伊凡_伊凡内奇_布尔金	布尔金	伊凡_布尔金	伊凡_伊凡内奇_布尔金	伊凡_伊凡内奇_布尔金
5	futlar.xml	###undefined###	Между прочим говорили о том, что жена старосты, Мавра, женщина здоровая и не глупая, во всю свою жизнь нигде не была дальше своего родного села, никогда не видела ни города, ни железной дороги, а в последние десять лет всё сидела за печью и только по ночам выходила на улицу.	顺便提起村长的老婆玛芙拉，说这女人身体结实，人也不蠢，就是一辈子没有走出自己的村子，从来没有见过城市，没有见过铁路，最近十年间更是成天守着炉灶，只有到夜里才出来走动走动。	Мавра	玛芙拉			玛芙拉	
6	futlar.xml	###undefined###	— Что же тут удивительного! — сказал Буркин. — Людей, одиноких по натуре, которые, как рак-отшельник или улитка, стараются уйти в свою скорлупу, на этом свете не мало.	这有什么奇怪的“布尔金说！有些人生性孤僻”他们像寄居蟹或蜗牛那样，总想缩进自己的壳里“这种人世上还不少哩，	Буркин	布尔金	布尔金	布尔金	布尔金	布尔金
7	futlar.xml	###undefined###	Я не естественник и не мое дело касаться подобных вопросов, я только хочу сказать, что такие люди, как Мавра, явление не редкое.	我不是搞自然科学的，这类问题不关我的事。我只是想说像玛芙拉这类人，并不是罕见的现象，	Мавра	玛芙拉			玛芙拉	玛芙拉
8	futlar.xml	###undefined###	Да вот, недалеко искать, месяца два назад умер у нас в городе некий Беликов, учитель греческого языка, мой товарищ.	哦，不必去远处找，两个月前，我们城里死了一个人，他姓别利科夫，希腊语教员，我的同事。	Беликов	别利科夫	别利科夫		别利科夫	
9	futlar.xml	###undefined###	И мысль свою Беликов также старался запрятать в футляр.	别利科夫把自己的思想也竭力藏进套子里。	Беликов	别利科夫	别利科夫		别利科夫	
10	futlar.xml	###undefined###	А на педагогических советах он просто угнетал нас своею осторожностью, мнительностью и своими чисто футлярными соображениями насчет того, что вот-де в мужской и женской гимназиях молодежь ведет себя дурно, очень шумит в классах, — ах, как бы не дошло до начальства, ах, как бы чего не вышло, — и что если б из второго класса исключить Петрова, а из четвертого — Егорова, то было бы очень хорошо.	在教务会议上，他那种顾虑重重、疑神疑鬼的作风和一套纯粹套子式的论调，把我们压得透不过气来。他说什么某某男子中学、女子中学的年轻人行为不轨，教室里乱哄哄的－唉－千万别传到当局那里，哎呀，千万不要惹出什么事端，又说！如果把二年级的彼得罗夫，四年级的叶戈罗夫开除出校、那么情况就会好转，	Петрова_Егорова	彼得罗夫_叶戈罗夫	叶戈罗夫	彼得罗夫	彼得罗夫_叶戈罗夫	叶戈罗夫
11	futlar.xml	###undefined###	Своими вздохами, нытьем, своими темными очками на бледном, маленьком лице, — знаете, маленьком лице, как у хорька, — он давил нас всех, и мы уступали, сбавляли Петрову и Егорову балл по поведению, сажали их под арест и в конце концов исключали и Петрова, и Егорова.	他不住地唉声叹气，老是发牢骚，苍白的小脸上架一副墨镜－您知道－那张小尖脸跟黄鼠狼的一样，他就这样逼迫我们－我们只好让步－把彼得罗夫和叶戈罗夫的操行分数压下去，关他们的禁闭，最后把他们开除了事，	Петрову_Егорову_Петрова_Егорова	彼得罗夫_叶戈罗夫	叶戈罗夫	彼得罗夫	彼得罗夫_叶戈罗夫	叶戈罗夫
12	futlar.xml	###undefined###	Вот подите же, наши учителя народ всё мыслящий, глубоко порядочный, воспитанный на Тургеневе и Щедрине, однако же этот человечек, ходивший всегда в калошах и с зонтиком, держал в руках всю гимназию целых пятнадцать лет! 	您想想看，我们这些教员都是些有头脑、极正派的人，受过屠格涅夫和谢德林的良好教育，可是我们的学校却让这个任何时候都穿着套鞋、带着雨伞的小人把持了整整十五年！	Тургеневе_Щедрине	屠格涅夫_谢德林	屠格涅夫_谢德林	屠格涅夫_谢德林	屠格涅夫_谢德林	屠格涅夫_谢德林
13	futlar.xml	###undefined###	Под влиянием таких людей, как Беликов, за последние десять — пятнадцать лет в нашем городе стали бояться всего.	在别利科夫这类人的影响下，最近十到十五年间，我们全城的人都变得谨小慎微，事事都怕。	Беликов	别利科夫	别利科夫		别利科夫	
14	futlar.xml	###undefined###	Иван Иваныч, желая что-то сказать, кашлянул, но сначала закурил трубку, поглядел на луну и потом уже сказал с расстановкой: 	伊凡·伊凡内奇想说点什么，嗽了嗽喉咙，但他先抽起烟斗来，看了看月亮，然后才一字一顿地说：	Иван_Иваныч	伊凡_伊凡内奇		伊凡	伊凡_伊凡内奇	伊凡
15	futlar.xml	###undefined###	— Да. Мыслящие, порядочные, читают и Щедрина, и Тургенева, разных там Боклей и прочее, а вот подчинились же, терпели… То-то вот оно и есть.	是的“我们都是有头脑的正派人，我们读屠格涅夫和谢德林的作品，以及巴克莱等人的著作，可是我们又常常屈服于某种压力，一再忍让，问题就在这儿…	Щедрина_Тургенева_Боклей	屠格涅夫_谢德林_巴克莱	屠格涅夫_巴克莱	屠格涅夫_谢德林_巴克莱	屠格涅夫_谢德林_巴克莱	屠格涅夫_谢德林_巴克莱
16	futlar.xml	###undefined###	Женской прислуги он не держал из страха, чтобы о нем не думали дурно, а держал повара Афанасия, старика лет шестидесяти, нетрезвого и полоумного, который когда-то служил в денщиках и умел кое-как стряпать.	他不用女仆，害怕别人背后说他的坏话。他雇了个厨子阿法纳西，老头子六十岁上下，成天醉醺醺的，还有点痴呆。他当过勤务兵，好歹能弄几个菜。	Афанасия	阿法纳西			阿法纳西	
17	futlar.xml	###undefined###	Этот Афанасий стоял обыкновенно у двери, скрестив руки, и всегда бормотал одно и то же, с глубоким вздохом: 	这个阿法纳西经常站在房门口，交叉抱着胳膊，老是叹一口长气，嘟哝那么一句话：	Афанасий	阿法纳西			阿法纳西	
18	futlar.xml	###undefined###	Назначили к нам нового учителя истории и географии, некоего Коваленко, Михаила Саввича, из хохлов.	我们学校新调来了一位史地课教员，叫米哈伊尔·萨维奇·柯瓦连科，小俄罗斯人。	Коваленко_Михаила_Саввича	米哈伊尔_萨维奇_柯瓦连科	米哈伊尔_萨维奇	米哈伊尔_萨维奇_柯瓦连科	米哈伊尔_萨维奇_柯瓦连科	萨维奇
19	futlar.xml	###undefined###	Приехал он не один, а с сестрой Варенькой.	他不是一个人来的，还带着姐姐瓦莲卡。	Варенькой	瓦莲卡		瓦莲卡	瓦莲卡	瓦莲卡
20	futlar.xml	###undefined###	Это польстило ей, и она стала рассказывать ему с чувством и убедительно, что в Гадячском уезде у нее есть хутор, а на хуторе живет мамочка, и там такие груши, такие дыни, такие кабаки! 	这番奉承使她感到得意“于是她用令人信服的语气动情地告诉他，说他们在加佳奇县有一处田庄，现在妈妈还住在那里，那里有那么好的梨。那么好的甜瓜，那么好的，卡巴克‘	Гадячском	加佳奇县				加佳奇县
21	idiot.xml	47	 - Да, господин Павлищев, который меня там содержал, два года назад помер, я писал потом сюда генеральше Епанчиной, моей дальней родственнице, но ответа не получил. Так с тем и приехал.	“是的，在那里供养我的帕夫利谢夫先生两年前去世了，后来我写信给这里的叶潘钦将军夫人，她是我的远房亲戚，但我没有收到口信、这样我就回来了。”	Павлищев_Епанчиной	帕夫利谢夫_叶潘钦	帕夫利谢夫_叶潘钦	“_是_的_，_在_那里_供养_我_的_帕夫利_谢夫_先生_两年_前_去世_了_，_后来_我_写信给_这里_的_叶_潘钦_将军_夫人_，_她_是_我_的_远房亲戚_，_但_我_没有_收到_口信_、_这样_我_就_回来_了_。_”	帕夫利谢夫_叶潘钦	帕夫利谢夫_叶潘钦
22	idiot.xml	67	 Гм... генерала же Епанчина знаем-с, собственно, потому, что человек общеизвестный, да и покойного господина Павлищева, который вас в Швейцарии содержал, тоже знавали-с, если только это был Николай Андреевич Павлищев, потому что их два двоюродные брата. 	嗯……叶潘钦将军我们是知道的，其实是因为他是社会名流；还有在瑞士供养您的已故的帕夫利谢夫先生，我也知道，如果这是指尼古拉·安德列耶维奇·帕夫利谢夫，因为他们是两位堂兄弟，	Епанчина_Павлищева_Николай_Андреевич_Павлищев	叶潘钦将_帕夫利谢夫_尼古拉_安德列耶维奇_帕夫利谢夫	帕夫利谢夫_尼古拉	尼古拉	叶潘钦_帕夫利谢夫_尼古拉_安德列耶维奇_帕夫利谢夫	叶潘钦_帕夫利谢夫_尼古拉_帕夫利谢夫
23	idiot.xml	68	 Другой доселе в Крыму, а Николай Андреевич, покойник, был человек почтенный, и при связях, и четыре тысячи душ в свое время имели-с...	另一位至今还在克里米亚，而尼古拉·安德列耶维奇这位故人就是在广泛的社交界也是位令人敬重的人，那时拥有四千农奴……”	Крыму_Николай_Андреевич	克里米亚_尼古拉_安德列耶维奇	尼古拉	克里米亚_尼古拉	克里米亚_尼古拉_安德列耶维奇	克里米亚_尼古拉
24	idiot.xml	87	 - Князь Лев Николаевич Мышкин, - отвечал тот с полною и немедленною готовностью.	“列夫·尼古拉耶维奇·梅什金公爵，”后者完全不加思索地马上回答说。	Лев_Николаевич_Мышкин	列夫_尼古拉耶维奇_梅什金	梅什金	列夫_梅什金	列夫_尼古拉耶维奇_梅什金	列夫_梅什金
25	idiot.xml	88	 - Князь Мышкин? 	“梅什金公爵？	Мышкин	梅什金	梅什金	梅什金	梅什金	梅什金
26	idiot.xml	117	 - Рогожиных знаете? - быстро спросил черномазый.	“您知道罗戈任家吗？”黑皮肤的很快问着。	Рогожиных	罗戈任	罗戈任		罗戈任家	罗戈任
27	idiot.xml	121	 - Да, я, Рогожин, Парфен.	“是的，我姓罗戈任，叫帕尔芬。”	Рогожин_Парфен	罗戈任_帕尔芬	帕尔芬	罗戈任_帕尔芬	帕尔芬	罗戈任_帕尔芬
28	idiot.xml	133	 А это правда, что вот родитель мой помер, а я из Пскова через месяц чуть не без сапог домой еду. 	我父亲去世了，这是真的，已经过了一个月，现在我差点连靴子也没有从普斯科夫赶回家，	Пскова	普斯科夫	普斯科夫	普斯科夫	普斯科夫	普斯科夫
29	idiot.xml	134	 Ни брат, подлец, ни мать ни денег, ни уведомления - ничего не прислали! Как собаке! В горячке в Пскове весь месяц пролежал.	无论是混账哥哥，还是母亲，都不给我寄钱，也不寄消息……什么都不寄，犹如对待一条狗！我在普斯科夫患热病，躺了整整一个月！……”	Пскове	普斯科夫	普斯科夫	普斯科夫	普斯科夫	普斯科夫
30	idiot.xml	161	 Про матушку нечего сказать, женщина старая, Четьи-Минеи читает, со старухами сидит, и что Сенька-брат порешит, так тому и быть. А он что же мне знать-то в свое время не дал? 	至于老母亲是没什么可说的，她年纪大了，只是看看日课经文月书，与老太太们坐着聊聊天，谢恩卡哥哥决定什么就是什么，而他当时为什么不让我知道呢？	Сенька	谢恩卡			谢恩卡	谢恩卡
31	idiot.xml	172	 Только Конев, Василий Васильич, выручил, всё отписал. 	只有科涅夫·瓦西利·瓦西利耶维奇帮了大忙，把一切都告诉了我；	Конев_Василий_Васильич	科涅夫_瓦西利_瓦西利耶维奇	科涅夫	科涅夫	科涅夫_瓦西利_瓦西利耶维奇	科涅夫_瓦西利_瓦西利耶维奇
32	idiot.xml	189	 А что я действительно чрез Настасью Филипповну тогда родителя раздражил, так это правда. 	我确实因为纳斯塔西娅·费利帕夫娜当时惹恼了父亲，这是真的，	Настасью_Филипповну	纳斯塔西娅_费利帕夫娜			纳斯塔西娅_费利帕夫娜	费利帕夫娜
33	idiot.xml	193	 - Чрез Настасью Филипповну? - подобострастно промолвил чиновник, как бы что-то соображая.	“因为纳斯塔西娅，费利帕夫娜。”小公务员馅媚地说，他似乎在揣度着什么。	Настасью_Филипповну	纳斯塔西娅_费利帕夫娜			纳斯塔西娅_费利帕夫娜	费利帕夫娜
34	idiot.xml	196	 - Эвона! Да мало ль Настасий Филипповн! 	“瞧你！叫纳斯塔西娅·费利帕夫娜的人还少吗？	Настасий_Филипповн	纳斯塔西娅_费利帕夫娜			纳斯塔西娅_费利帕夫娜	费利帕夫娜
35	idiot.xml	201	 - Лебедев знает! 	“列别杰夫是知道的！	Лебедев	列别杰夫		列别杰夫		列别杰夫
36	idiot.xml	208	 Я, ваша светлость, и с Лихачевым Алексашкой два месяца ездил, и тоже после смерти родителя, и все, то есть все углы и проулки знаю, и без Лебедева, дошло до того, что ни шагу. 	阁下，我还和利哈乔夫·阿列克萨什卡一起周游了两个月，也是在他父亲去世以后。我知道所有的角落和小巷，没有我列别杰夫，他甚至寸步难行。	Лихачевым_Алексашкой_Лебедева	利哈乔夫_阿列克萨什卡_列别杰夫	利哈乔夫	利哈乔夫_列别杰夫	利哈乔夫_阿列克萨什卡	利哈乔夫_列别杰夫
37	idiot.xml	213	 Нет, это не то что Арманс. 	不，这可不是那个阿尔曼斯，	Арманс	阿尔曼斯			阿尔曼斯	阿尔曼斯
38	idiot.xml	221	 - Это вот всё так и есть, - мрачно и насупившись подтвердил Рогожин, - тоже мне и Залёжев тогда говорил. 	“这事确实这样，”罗戈任皱起眉目，阴郁地肯定说，“扎廖热夫那时也对我这么说过。	Рогожин_Залёжев	罗戈任_扎廖热夫	罗戈任	罗戈任	扎廖热夫	罗戈任_扎廖热夫
39	idiot.xml	222	 Я тогда, князь, в третьегодняшней отцовской бекеше через Невский перебегал, а она из магазина выходит, в карету садится. 	公爵，我那时穿着父亲那件只穿了三天的腰部打招的大衣过涅瓦大街，而她正从商店出来，坐上马车。	Невский	涅瓦		涅瓦	涅瓦大街	涅瓦
40	idiot.xml	226	 Это, говорит, не тебе чета, это, говорит, княгиня, а зовут ее Настасьей Филипповной, фамилией Барашкова, и живет с Тоцким, а Тоцкий от нее как отвязаться теперь не знает, потому совсем то есть лет достиг настоящих, пятидесяти пяти, и жениться на первейшей раскрасавице во всем Петербурге хочет. 	说这个跟你不相配，还说，这是位公爵小姐，名叫纳斯塔拉娅·费利帕夫娜，姓巴拉什科娃，她跟托茨基同居，而托茨基现在都不知道怎么摆脱她，因为他，这么说吧，完全到了真正的年龄，５５岁，想要跟全彼得堡头号美女结婚。	Настасьей_Филипповной_Барашкова_Петербурге	纳斯塔拉娅_费利帕夫娜_巴拉什科娃			纳斯塔拉娅_费利帕夫娜_巴拉什科娃	费利帕夫娜
41	idiot.xml	266	 Ну, а я этой порой, по матушкину благословению, у Сережки Протушина двадцать рублей достал да во Псков по машине и отправился, да приехал-то в лихорадке, меня там святцами зачитывать старухи принялись, а я пьян сижу, да пошел потом по кабакам на последние, да в бесчувствии всю ночь на улице и провалялся, ан к утру горячка, а тем временем за ночь еще собаки обгрызли. 	而我在这个时候得到母亲的赞同，在谢廖什卡·普罗图京那儿弄了２０卢布，就乘车到普斯科夫去了，到那几时我正害着疟疾，在那里一些老妇人没完没了令人心烦地对我念教堂日历，而我坐在那里喝得醉熏熏的，后来我去了好几家酒馆，花光了最后一点钱，一整夜躺在街上不省人事，到了早晨发起了热病，而夜里的时候狗还咬了我，	Сережки_Протушина_Псков	谢廖什卡_普罗图京_普斯科夫	普斯科夫	普斯科夫	谢廖什卡_普斯科夫	普罗图京_普斯科夫
42	idiot.xml	1	 Генерал Епанчин жил в собственном своем доме, несколько в стороне от Литейной, к Спасу Преображения. 	叶潘钦将军住自己的房子，离利捷伊纳亚街不远、靠近变容救世主教堂。	Епанчин_Спасу	叶潘钦	叶潘钦		叶潘钦	叶潘钦
43	idiot.xml	11	 А между тем известно тоже было, что Иван Федорович Епанчин - человек без образования и происходит из солдатских детей, последнее, без сомнения, только к чести его могло относиться, но генерал, хоть и умный был человек, был тоже не без маленьких, весьма простительных слабостей и не любил иных намеков. 	同时、大家也知道，伊万·费奥多罗维奇·叶潘钦是一个没有受什么教育的人，出生于士兵家庭，后面这一点无疑只会给他带来荣誉，但是，即使将军是个聪明人，他也不无小小的完全可以原谅的弱点，他还不喜欢别人提及，	Иван_Федорович_Епанчин	伊万_费奥多罗维奇_叶潘钦	费奥多罗维奇_叶潘钦	伊万	伊万_叶潘钦	伊万_叶潘钦
44	idiot.xml	43	 Средней было двадцать три года, а младшей, Аглае, только что исполнилось двадцать. 	中间那位是２３岁，最小的阿格拉娅刚满２０岁。	Аглае	阿格拉娅	阿格拉娅		阿格拉娅	阿格拉娅
45	idiot.xml	141	 - Я посетителя такого, как вы, без секретаря доложить не могу, а к тому же и сами, особливо давеча, заказали их не тревожить ни для кого, пока там полковник, а Гаврила Ардалионыч без доклада идет.	“像您这样的来访者，没有秘书我是不能通报的。何况刚才大人还亲自吩咐，上校在的时候，无论谁来都不要骚扰他们，而加夫里拉·阿尔达利维奇无须禀报就可进去。”	Гаврила_Ардалионыч	加夫里拉_阿尔达利维奇			阿尔达利维奇	
46	idiot.xml	143	 - Гаврила-то Ардалионыч? 	“加夫里拉·阿尔达利翁诺维奇吗？	Гаврила_Ардалионыч	加夫里拉_阿尔达利维奇	阿尔达利翁诺维奇		加夫里拉_阿尔达利翁诺维奇	
47	idiot.xml	196	 Меня туда Шнейдер с собою брал.	是施奈德把我带到那儿去的。”	Шнейдер	是施奈德				
48	idiot.xml	125	 Ганя, дайте князю бумагу, вот перья и бумага, вот на этот столик пожалуйте. 	加尼亚，给公爵一张纸。这是鹅毛笔和纸，清到这张小桌边来。	Ганя	加尼亚			加尼亚	加尼亚
49	idiot.xml	127	 Это сама, сама тебе прислала, сама? - оживленно и с большим любопытством спрашивал он Ганю.	这是她亲自，亲自寄给你的吗，是亲自吗？”他兴致勃勃，十分好奇地问加尼亚。	Ганю	加尼亚				加尼亚
50	idiot.xml	174	 Ну! Эвона! Ай да Нина Александровна! 	唉！瞧您，尼娜·亚历山德罗夫娜呀！	Нина_Александровна	尼娜_亚历山德罗夫娜		尼娜	尼娜_亚历山德罗夫娜	尼娜_亚历山德罗夫娜
51	idiot.xml	305	 - Фердыщенко.	“费尔德先科。	Фердыщенко	费尔德先科			费尔德先科	
52	idiot.xml	5	 Маменька их, генеральша Лизавета Прокофьевна, иногда косилась на откровенность их аппетита, но так как иные мнения ее, несмотря на всю наружную почтительность, с которою принимались дочерьми, в сущности, давно уже потеряли первоначальный и бесспорный авторитет между ними, и до такой даже степени, что установившийся согласный конклав трех девиц сплошь да рядом начинал пересиливать, то и генеральша, в видах собственного достоинства, нашла удобнее не спорить и уступать. 	她们的妈妈，叶莉扎维塔·普罗科菲耶夫娜将军夫人有时也不赞赏她们这种赤裸裸的食欲，但是因为她的有些意见实际上早已在她们中间失去了原先无可争辩的权威（尽管出于表面上的恭敬，女儿们也接受这些意见），甚至到了三位姑娘形成的协调一致的行动常常占上风的地步，所以，为维护自己的尊严，将军夫人认为还是不争执而退让为宜，	Лизавета_Прокофьевна	叶莉扎维塔_普罗科菲耶夫娜			普罗科菲耶夫娜	
53	idiot.xml	6	 Правда, характер весьма часто не слушался и не подчинялся решениям благоразумия, Лизавета Прокофьевна становилась с каждым годом всё капризнее и нетерпеливее, стала даже какая-то чудачка, но так как под рукой все-таки оставался весьма покорный и приученный муж, то излишнее и накопившееся изливалось обыкновенно на его голову, а затем гармония в семействе восстановлялась опять, и всё шло как не надо лучше.	确实，性格常常不听从、不服从理智的决定，叶莉扎维塔·普罗科菲耶夫娜年复一年变得越来越任性和急躁，甚至成了个古怪的人，但是因为在她的手掌中还有个驯服温顺的丈夫，所以蓄积的过多的怨气通常便发泄至他的头上，在这以后重又恢复了家庭的和谐，一切便进行得再好也没有了。	Лизавета_Прокофьевна	叶莉扎维塔_普罗科菲耶夫娜				
54	idiot.xml	167	 Был знаком один молодой и странный человек, по фамилии Птицын, скромный, аккуратный и вылощенный, происшедший из нищеты и сделавшийся ростовщиком. 	还有一个奇怪的年轻人也认识了她，他姓普季岑，为人谦和、举止端庄、打扮讲究、出身穷困，如今却成了高利贷者。	Птицын	普季岑	普季岑	普季岑	普季岑	普季岑
55	idiot.xml	182	 Он очень хорошо заметил и положительно узнал, что молодой человек, очень хорошей фамилии, живущий в самом достойном семействе, а именно Гаврила Ардалионович Иволгин, которого она знает и у себя принимает, давно уже любит ее всею силой страсти и, конечно, отдал бы половину жизни за одну надежду приобресть ее симпатию. 	他很好地注意到并且明确地了解到有一位年轻人，他有很好的姓氏，生活在非常值得尊敬的家庭里，这就是加夫里拉·阿尔达利翁诺维奇·伊沃尔金，她认识他并接待他。这位年轻人早就已经一往情深，热烈地爱上了她，当然，只要有一丝希望得到她的青睐，他会奉献出一半生命。	Гаврила_Ардалионович_Иволгин	加夫里拉_阿尔达利翁诺维奇_伊沃尔金	伊沃尔金	伊沃尔金	阿尔达利翁诺维奇_伊沃尔金	伊沃尔金
56	idiot.xml	58	 Талант, там он так у меня расчеркнулся старинным почерком:" Игумен Пафнутий руку приложил "... 	是天才；在我书房里他用古体签了：‘修道院院长帕夫努季敬呈'，……	Пафнутий	帕夫努季			帕夫努季	帕夫努季
57	idiot.xml	68	 Мари лежала на полу, у ног старухи, голодная, оборванная, и плакала. 	玛丽躺在地板上，就在老太婆脚跟前，饥肠槽糟，破衣烂衫的，哭泣着。	Мари	玛丽	玛丽	玛丽		玛丽
58	idiot.xml	73	 Ей нужно было часто ставить свои больные ноги в теплую воду, Мари каждый день обмывала ей ноги и ходила за ней, она принимала все ее услуги молча и ни одного слова не сказала ей ласково. 	老太婆需要经常在温水里浸泡病腿；玛丽每天给她洗脚，服侍她；她不吭一声地接受玛丽的照料侍侯，却对她没有说一句抚爱的话。	Мари	玛丽	玛丽	玛丽	玛丽	玛丽
59	idiot.xml	70	 - Никакого там узла нет, кроме этого узелочка, вы куда положили? - спросил Коля, возвращаясь опять в комнату.	“除了这个小包裹，那里没有别的包裹；您把它放哪里？”科利亚又回到房间里，问道。	Коля	科利亚	科利亚		科利亚	科利亚
60	idiot.xml	74	 - Не ври пустяков, - строго сказала Варя, которая и с князем говорила весьма сухо и только что разве вежливо.	“别胡扯废话，”瓦尔瓦拉·阿尔达利翁诺夫娜严格地说。她跟公爵讲话也十分冷淡，刚才大概还算是客气的。	Варя	瓦尔瓦拉_阿尔达利翁诺夫娜			瓦尔瓦拉_阿尔达利翁诺夫娜	瓦尔瓦拉
61	idiot.xml	82	 - Отец дома? - спросил Ганя Колю и на утвердительный ответ Коли пошептал ему что-то на ухо.	“父亲在家吗？”加尼亚问科利亚，得到肯定的回答后他在耳边对他低语了什么。	Ганя_Колю_Коли	加尼亚_科利亚	科利亚		加尼亚	科利亚
62	idiot.xml	629	 — Она замужем за Дольским? 	“她嫁给了多尔斯基？”	Дольским	多尔斯基			多尔斯基	多尔斯基
63	idiot.xml	638	 Вы понимаете — после той истории... вам это всё должно быть хорошо известно (Майданов значительно улыбнулся)... ей не легко было составить себе партию, были последствия... но с ее умом всё возможно. 	您可知道，自从发生了那场风波以后……这一切您一定知道得很清楚（马依达诺夫意味深长地笑了笑）……她好不容易为自己物色到一个丈夫；总算有了归宿……不过凭她的聪明才智，一切都是能办到的。	Майданов	马依达诺夫			马依达诺夫	
64	idiot.xml	670	 Помнится, несколько дней спустя после того дня, когда я узнал о смерти Зинаиды, я сам, по собственному неотразимому влечению, присутствовал при смерти одной бедной старушки, жившей в одном с нами доме. 	我记得，在我得悉齐娜依达噩耗那天之后，又过了几天，我在一种不可克制的感情冲动下自愿去吊唁跟我们同住在一所宅子里的一个贫苦的老妇人。	Зинаиды	齐娜依达				齐娜依达
65	idiot.xml	676	 И помню я, что тут, у одра этой бедной старушки, мне стало страшно за Зинаиду, и захотелось мне помолиться за нее, за отца — и за себя.	我记得就在这儿，在那贫苦的老妇人的床边，我替齐娜依达担忧起来，我要为她、为父亲、也为我自己而祈祷了。	Зинаиду	齐娜依达				
66	metel.xml	4	 Кони торопливы Чутко смотрят в темну даль , Воздымая гривы ... Жуковский . 	马儿匆忙赶路，鬃毛竖起，凝视黑暗的远方……茹可夫斯基①|①茹可夫斯基（1783-1852）俄国诗人。这儿的诗句引自他的叙事诗《斯维特兰娜》。|	Жуковский	茹可夫斯基			茹可夫斯基	茹可夫斯基
67	metel.xml	5	 В конце 1811 года , в эпоху нам достопамятную , жил в своем поместье Ненарадове добрый Гаврила Гаврилович Р . 	我们值得纪念的那个时代的1811年末，厚道的加夫里拉·加夫里洛维奇赋闲居住在自己的田庄涅纳拉多沃村。	Ненарадове_Гаврила_Гаврилович	加夫里拉_加夫里洛维奇_涅纳拉多沃	加夫里洛维奇		加夫里洛维奇_涅纳拉多沃村	加夫里洛维奇_涅纳拉多沃村
68	metel.xml	8	 Марья Гавриловна была воспитана на французских романах , и , следственно , была влюблена . 	玛利亚·加夫里洛夫娜是靠读法国小说受的教育，因此，其结果自然是堕入情网。	Марья_Гавриловна	玛利亚_加夫里洛夫娜		玛利亚	玛利亚_加夫里洛夫娜	玛利亚_加夫里洛夫娜
69	metel.xml	14	 Разумеется , что эта счастливая мысль пришла сперва в голову молодому человеку и что она весьма понравилась романическому воображению Марьи Гавриловны . 	妙！这个谋幸福的好主意终于光顾了这个年轻人的脑袋瓜，而醉心于罗曼蒂克的玛利亚·加夫里洛夫娜对这个好主意也非常称心。	Марьи_Гавриловны	玛利亚_加夫里洛夫娜		玛利亚	玛利亚_加夫里洛夫娜	玛利亚_加夫里洛夫娜
70	metel.xml	16	 Владимир Николаевич в каждом письме умолял ее предаться ему , венчаться тайно , скрываться несколько времени , броситься потом к ногам родителей , которые , конечно , будут тронуты наконец героическим постоянством и несчастием любовников и скажут им непременно : « Дети ! придите в наши объятия ». 	弗拉基米尔·尼古拉耶维奇在每封信里都央求她嫁给他，跟他秘密结婚，躲藏一些日子，然后双双跪在双亲脚下，二老最终肯定会为恋人的英勇的蛮干行为和不幸的遭遇所感动，包管会对他们说："孩子们！投到我们怀里来吧！"	Владимир_Николаевич	弗拉基米尔_尼古拉耶维奇	弗拉基米尔	弗拉基米尔	弗拉基米尔_尼古拉耶维奇	弗拉基米尔
71	metel.xml	19	 Девушка ее была в заговоре , обе они должны были выйти в сад через заднее крыльцо , за садом найти готовые сани , садиться в них и ехать за пять верст от Ненарадова в село Жадрино , прямо в церковь , где уж Владимир должен был их ожидать . 	她的贴身使女本是她的同谋犯。她二人应当穿过屋后的门廊到达花园，花园后面有一辆备好的雪橇，坐上去直奔离涅纳拉多沃村五俄里的冉德林诺村，然后走进教堂，弗拉基米尔会在那里等她们。	Ненарадова_Жадрино_Владимир	涅纳拉多沃_冉德林诺_弗拉基米尔	弗拉基米尔	弗拉基米尔	冉德林诺村_弗拉基米尔	冉德林诺村_弗拉基米尔
72	metel.xml	26	 Отец и мать заметили ее беспокойство , их нежная заботливость и беспрестанные вопросы : что с тобою , Маша ? не больна ли ты , Маша ? — раздирали ее сердце . 	父母看出了她心神不定，慈爱地关切她，连连探问："玛霞！你怎么了？病了吗？玛霞！"——这一切，使得她心都要碎了。	Маша_Маша	玛霞_玛霞		玛霞_玛霞	玛霞_玛霞	玛霞_玛霞
73	metel.xml	47	 Поручив барышню попечению судьбы и искусству Терешки кучера , обратимся к молодому нашему любовнику . 	让我们把小姐交给命运之神和车夫杰廖希卡的赶车技艺去保护，现在回过头来看看咱们的年轻的新郎吧！	Терешки	杰廖希卡			杰廖希卡	杰廖希卡
74	metel.xml	48	 Целый день Владимир был в разъезде . Утром был он у жадринского священника , насилу с ним уговорился , потом поехал искать свидетелей между соседними помещиками . 	弗拉基米尔坐车赶路一整天，早晨他找了冉得林诺村的神父，好不容易才跟他谈妥，然后到四邻的地主中间去找证婚人。	Владимир_жадринского	弗拉基米尔_冉得林诺	弗拉基米尔	弗拉基米尔	弗拉基米尔	弗拉基米尔_冉得林诺村
75	metel.xml	49	 Первый , к кому явился он , отставной сорокалетний корнет Дравин , согласился с охотою . 	他去找的第一个人是个退职的骑兵少尉，四十来岁的德拉文，这人非常乐意当证婚人。	Дравин	德拉文			他_去_找_的_第一_个人_是_个_退职_的_骑兵_少尉_，_四十来_岁_的_德拉文_，_这_人_非常_乐意_当_证婚人_。	德拉文
76	metel.xml	104	 « Можешь ли ты , старик , — сказал он , — достать мне лошадей до Жадрина ?» 	老头！他说，"你能不能弄到马匹拉我到冉得林诺去。"	Жадрина	冉得林诺				
77	metel.xml	142	 Терешка кучер никогда ничего лишнего не высказывал , даже и во хмелю . 	车把式杰廖希卡连喝醉了的时候也从没多过半句嘴。	Терешка	杰廖希卡				杰廖希卡
78	metel.xml	145	 Однако ж ее слова были столь несообразны ни с чем , что мать , не отходившая от ее постели , могла понять из них только то , что дочь ее была смертельно влюблена во Владимира Николаевича и что , вероятно , любовь была причиною ее болезни . 	不过，她的话颠三倒四，以致她母亲虽则寸步不离她的病床，也只能从她的话里头听明白一点：女儿拼死拼活地爱上了弗拉基米尔，而这个爱情说不定就是她重病的起因。	Владимира	弗拉基米尔	弗拉基米尔	弗拉基米尔	弗拉基米尔	弗拉基米尔
79	metel.xml	160	 Но наследство не утешало ее , она разделяла искренно горесть бедной Прасковьи Петровны , клялась никогда с нею не расставаться , обе они оставили Ненарадово , место печальных воспоминаний , и поехали жить в ское поместье . 	但是，遗产不能安抚她，她真诚地分担着可怜的普拉斯可维娅·彼得洛夫娜的悲恸，发誓跟母亲永不分离。母女俩离开了涅纳拉多沃这个令人触景生情的地方，迁居到自己的另一处田庄××村去了。	Прасковьи_Петровны_Ненарадово	普拉斯可维娅_彼得洛夫娜_涅纳拉多沃			彼得洛夫娜_涅纳拉多沃	普拉斯可维娅_涅纳拉多沃
80	metel.xml	202	 Ее военные действия имели желаемый успех : по крайней мере Бурмин впал в такую задумчивость и черные глаза его с таким огнем останавливались на Марье Гавриловне , что решительная минута , казалось , уже близка . 	她的战略策略终于取得预期的胜利：至少，布尔明不由得悄然凝神，一双黑黑的眼珠火辣辣地盯住玛利亚·加夫里洛夫娜的脸。看起来，决定性的时刻快到了。	Бурмин_Марье_Гавриловне	布尔明_玛利亚_加夫里洛夫娜		玛利亚	布尔明_玛利亚_加夫里洛夫娜	玛利亚_加夫里洛夫娜
81	metel.xml	203	 Соседи говорили о свадьбе , как о деле уже конченном , а добрая Прасковья Петровна радовалась , что дочь ее наконец нашла себе достойного жениха . 	邻居们已在谈论结婚的事，好一似已成定局，而善良的普拉斯可维娅·彼得洛夫娜喜在心头：女儿终于找到了如意郎君。	Прасковья_Петровна	普拉斯可维娅_彼得洛夫娜			彼得洛夫娜	普拉斯可维娅
82	metel.xml	209	 Так и случилось : Бурмин , чувствуя затруднительность своего положения , объявил , что искал давно случая открыть ей свое сердце , и потребовал минуты внимания . 	事情也就这样发生了，布尔明感到自己处境尴尬，说道，他早就想找个机会向她披露自己的情怀，并请她倾听一分钟。	Бурмин	布尔明	布尔明		布尔明	
83	metel.xml	211	 « Я вас люблю , — сказал Бурмин , — я вас люблю страстно ...» ( Марья Гавриловна покраснела и наклонила голову еще ниже .) 	我爱您，布尔明说，"我热烈地爱您……"（玛利亚·加夫里洛夫娜脸红了，头栽得更低。）	Бурмин_Марья_Гавриловна	布尔明_玛利亚_加夫里洛夫娜		玛利亚	布尔明_玛利亚_加夫里洛夫娜	玛利亚_加夫里洛夫娜
84	metel.xml	219	 — Я женат , — продолжал Бурмин , — я женат уже четвертый год и не знаю , кто моя жена , и где она , и должен ли свидеться с нею когда-нибудь ! 	我结过婚，""布尔明接着说，""结婚已经是第四个年头了，而我还不知道，谁是我的妻子，她在哪儿，今后会不会见她一面！"""	Бурмин	布尔明	布尔明		布尔明	布尔明
85	mumu.xml	1	 Бросились за доктором, то есть за домашним лекарем Харитоном. 	人们连忙跑去请医生，这就是说，去请家医哈里顿。	Харитоном	哈里顿	哈里顿		哈里顿	哈里顿
86	mumu.xml	3	 Барыня приняла их, но тотчас же слезливым голосом стала опять жаловаться на собаку, на Гаврилу, на свою участь, на то, что ее, бедную, старую женщину, все бросили, что никто о ней не сожалеет, что все хотят ее смерти. 	太太喝了圣水，马上又用含泪的声调抱怨狗，抱怨加夫里拉，抱怨自己的命运，她诉苦道，她是一个可怜的老太婆，大家都抛弃了她，没有一个人可怜她，大家都希望她死。	Гаврилу	加夫里拉				
87	mumu.xml	4	 Между тем несчастная Муму продолжала лаять, а Герасим напрасно старался отозвать ее от забора. 	这些时候那个不幸的木木一直在叫着，格拉西姆要引“她”从篱笆那儿走开，也没有办法。	Герасим	格拉西姆			格拉西姆	格拉西姆
88	mumu.xml	6	 Лекарь шепнул девке, та бросилась в переднюю, растолкала Степана, тот побежал будить Гаврилу, Гаврила сгоряча велел поднять весь дом.	郎中跟一个女用人小声他讲了几句话，她立刻跑到前厅去，摇醒了斯捷潘，斯捷潘又跑去叫醒加夫里拉，加夫里拉一生气，就吩咐把整个宅子里的人都叫起来。	Степана_Гаврилу_Гаврила	斯捷潘_加夫里拉_加夫里拉	斯捷潘	斯捷潘	斯捷潘	斯捷潘
89	mumu.xml	7	 Герасим обернулся, увидал замелькавшие огни и тени в окнах и, почуяв сердцем беду, схватил Муму под мышку, вбежал в каморку и заперся. 	格拉西姆正转过身来，他看见窗里亮光和影子在移动，他感觉到祸事要来了，便把木木挟在胳膊底下，跑进了他的顶楼，锁上了门。	Герасим	格拉西姆			格拉西姆	格拉西姆
90	mumu.xml	9	 Гаврила прибежал в страшных попыхах, приказал им всем оставаться тут до утра и караулить, а сам потом ринулся в девичью и через старшую компаньонку Любовь Любимовну, с которой вместе крал и учитывал чай, сахар и прочую бакалею, велел доложить барыне, что собака, к несчастью, опять откуда-то прибежала, но что завтра же ее в живых не будет и чтобы барыня сделала милость не гневалась и успокоилась. 	加夫里拉慌慌忙忙地跑了上来，吩咐他们全在门口等着，一直守到天亮；他自己却跑到女用人房间去，叫那个年纪最大的陪伴女人柳博芙•柳比莫夫娜（他常常跟她一块儿偷茶叶、糖、和别的杂货，还造了假账）代他回禀太太说，不幸那条狗又从什么地方跑回来了，不过“她”不会活到明天的，请太太开恩不要动气，请她安静下来。	Гаврила_Любовь_Любимовну	加夫里拉_柳博芙_柳比莫夫娜			柳比莫夫娜	柳博芙_柳比莫夫娜
91	mumu.xml	16	 Я бы не желала этому верить, - прибавила она с выражением глубокого чувства, - подите, душа моя, будьте так добры, подите к Гавриле Андреичу.	我不愿意相信这个，”她又露出感动的表情添上了后面的一句话，“您去吧，我的亲人，请您做点好事，到加夫里拉•安德里那奇那几去一趟。”	Гавриле_Андреичу	加夫里拉_安德里那奇			安德里那奇	
92	mumu.xml	27	 - Да, Гаврила Андреич, - заметил снизу Степан, - ведь он глухой - не слышит.	“喂，加夫里拉•安德里耶奇，”斯捷潘在下面提醒他说，“您知道他是个聋子--听不见的。”	Гаврила_Андреич_Степан	加夫里拉_安德里耶奇_斯捷潘	斯捷潘	斯捷潘	安德里耶奇_斯捷潘	斯捷潘
93	mumu.xml	68	 Эй ты, Ерошка! - прибавил он, обращаясь к какому-то бледному человеку, в желтом нанковом казакине, который считался садовником, - что тебе делать? 	喂，你，叶罗什卡！”他添上了后面这一句，这是对那个穿黄色粗棉布宽上衣的、脸色惨白的人说的，那个人在宅子里算是一个园丁，“你可以干什么呢？	Ерошка	叶罗什卡	叶罗什卡		叶罗什卡	叶罗什卡
94	mumu.xml	70	 Ерошка взял палку и сел на последнюю ступеньку лестницы. 	叶罗什卡拿了一根棍子，坐在楼梯的最下一级。	Ерошка	叶罗什卡	叶罗什卡		叶罗什卡	叶罗什卡
95	mumu.xml	92	 Ерошка, увидав Герасима, заскочил за угол и, пропустив его мимо, опять отправился вслед за ним.	叶罗什卡看见了格拉西姆，连忙躲在角落里，让他走了过去，自己却在后面跟着他。	Ерошка_Герасима	叶罗什卡_格拉西姆	叶罗什卡		叶罗什卡_格拉西姆	叶罗什卡_格拉西姆
96	mumu.xml	101	 Вот уже Москва осталась назади. 	莫斯科已经落在他的后面了。	Москва	莫斯科		莫斯科	莫斯科	莫斯科
97	mumu.xml	120	 - Да Герасим был здесь, - воскликнул вдруг Степан, загребая себе ложкой каши.	“可是格拉西姆倒回来过！”斯捷潘正在拿勺子刮着粥，忽然大声说。	Герасим_Степан	格拉西姆_斯捷潘	斯捷潘	斯捷潘	格拉西姆_斯捷潘	格拉西姆_斯捷潘
98	mumu.xml	126	 - И Степан с невольной усмешкой пожался и потер себе затылок. 	斯捷潘不由得笑起来，他耸了耸肩膀，摸了摸后脑袋。	Степан	斯捷潘	斯捷潘	斯捷潘	斯捷潘	斯捷潘
99	otcy_i_deti.xml	1	 В Никольском , в саду , в тени высокого ясеня , сидели на дерновой скамейке Катя с Аркадием , на земле возле них поместилась Фифи , придав своему длинному телу тот изящный поворот , который у охотников слывет « русачьей полежкой ». 	在尼科利村的花园里，卡捷琳娜和阿尔卡季同坐在一张铺着草皮的长椅上。他们头顶上是棵高大的水曲柳，身旁躺着菲菲。菲菲躺的姿势猎人们把它称作“伏兔式”：身躯修长，曲线优美。	Никольском_Катя_Аркадием_Фифи	尼科利_卡捷琳娜_阿尔卡季_菲菲	阿尔卡季	卡捷琳娜_菲菲	尼科利村_卡捷琳娜_阿尔卡季_菲菲	卡捷琳娜_阿尔卡季_菲菲
100	otcy_i_deti.xml	2	 И Аркадий и Катя молчали , он держал в руках полураскрытую книгу , а она выбирала из корзинки оставшиеся в ней крошки белого хлеба и бросала их небольшой семейке воробьев , которые , с свойственной им трусливою дерзостью , прыгали и чирикали у самых ее ног . 	卡捷琳娜也好，阿尔卡季也好，都不说话。他手里拿本打开的书，而她在捡篮子里的白面包屑投给一小群在她面前嘁嘁喳喳、跳跳蹦蹦的胆小麻雀。	Аркадий_Катя	阿尔卡季_卡捷琳娜	阿尔卡季	卡捷琳娜	卡捷琳娜_阿尔卡季	卡捷琳娜_阿尔卡季
101	otcy_i_deti.xml	3	 Слабый ветер , шевеля в листьях ясеня , тихонько двигал взад и вперед , и по темной дорожке , и по желтой спине Фифи , бледно - золотые пятна света , ровная тень обливала Аркадия и Катю , только изредка в ее волосах зажигалась яркая полоска . 	微风在水曲柳枝叶间穿梭，给林荫小道，给菲菲黄色的背脊上投下游动的乳白色、桔黄色光斑。密密的浓荫盖住了卡捷琳娜和阿尔卡季，只在她头发上偶或掠过一道明亮的阳光。	Фифи_Аркадия_Катю	菲菲_卡捷琳娜_阿尔卡季	阿尔卡季	卡捷琳娜	卡捷琳娜_阿尔卡季	菲菲_卡捷琳娜_阿尔卡季
102	otcy_i_deti.xml	13	 (« Старые следы ! — подумал Аркадий . — Если б Базаров это слышал !») 	（“痕迹！”阿尔卡季不由想道，“如被巴扎罗夫听见才有话说哩！”）	Аркадий_Базаров	阿尔卡季_巴扎罗夫	巴扎罗夫	巴扎罗夫	阿尔卡季_巴扎罗夫	阿尔卡季
103	otcy_i_deti.xml	18	 — Сестра , Порфирий Платонович , с которым вы уже не ссоритесь , тетушка , которую вы третьего дня проводили в церковь . 	我姐姐，还有波尔菲里·普拉托内奇——您别想辩得过他，还有我姨妈——您陪伴她去教堂接连有三天了。”	Порфирий_Платонович	波尔菲里_普拉托内奇			波尔菲里_普拉托内奇	
104	otcy_i_deti.xml	20	 А что касается до Анны Сергеевны , она сама , вы помните , во многом соглашалась с Евгением . 	至于安娜·谢尔盖耶芙娜，您可记得，她自己在许多方面也都同意叶夫根尼的观点。”	Анны_Сергеевны_Евгением	安娜_谢尔盖耶芙娜_叶夫根尼	叶夫根尼	安娜	安娜_谢尔盖耶芙娜_叶夫根尼	安娜_谢尔盖耶芙娜_叶夫根尼
105	otcy_i_deti.xml	24	 Катя промолчала . 	卡捷琳娜不答话。	Катя	卡捷琳娜		卡捷琳娜	卡捷琳娜	卡捷琳娜
106	otcy_i_deti.xml	25	 — Я знаю , — продолжал Аркадий , — он вам никогда не нравился . 	“我知道，”阿尔卡季接着说，“您从来就不喜欢他。”	Аркадий	阿尔卡季	阿尔卡季		阿尔卡季	阿尔卡季
107	otcy_i_deti.xml	27	 — Знаете ли что , Катерина Сергеевна ? Всякий раз , когда я слышу этот ответ , я ему не верю ... 	“卡捷琳娜·谢尔盖耶芙娜，我每次听到这样的回答都不敢相信……	Катерина_Сергеевна	卡捷琳娜_谢尔盖耶芙娜		卡捷琳娜	卡捷琳娜_谢尔盖耶芙娜	卡捷琳娜_谢尔盖耶芙娜
108	otcy_i_deti.xml	42	 Так вы полагаете , что он имел большое влияние на Анну Сергеевну ? 	那么，您认为安娜·谢尔盖耶芙娜受他很大影响？”	Анну_Сергеевну	安娜_谢尔盖耶芙娜		安娜	安娜	安娜_谢尔盖耶芙娜
109	otcy_i_deti.xml	117	 — Катерина Сергеевна ! — заговорил вдруг Аркадий , — вам это , вероятно , все равно : но знайте , что я вас не только на вашу сестру , — ни на кого в свете не променяю . 	“卡捷琳娜·谢尔盖耶芙娜！”阿尔卡季忽又说道，“就您而言这都无所谓，但您应知道，在这世界上，任何人，不单是您姐姐，在我心目中都无法替代您。”	Катерина_Сергеевна_Аркадий	卡捷琳娜_谢尔盖耶芙娜_阿尔卡季	阿尔卡季	卡捷琳娜	卡捷琳娜_谢尔盖耶芙娜_阿尔卡季	卡捷琳娜_谢尔盖耶芙娜
110	otcy_i_deti.xml	122	 Катя не спеша перевела свои глаза на сестру ( изящно , даже изысканно одетая , она стояла на дорожке и кончиком раскрытого зонтика шевелила уши Фифи ) и не спеша промолвила : 	卡捷琳娜慢悠悠地把目光移到她姐姐身上，（她穿得那么漂亮，甚至是那么考究，此时正站在小径上用她张开的阳伞伞尖轻轻撩拨菲菲的耳朵，）不慌不忙地答道：	Катя_Фифи	卡捷琳娜_菲菲		卡捷琳娜_菲菲	卡捷琳娜	卡捷琳娜_菲菲
111	otcy_i_deti.xml	138	 Катя поднялась со скамейки и , взяв с собою Гейне , ушла тоже — только не примерять ботинки . 	卡捷琳娜拿起海涅写的书，也离开椅子走了，但不是去试新鞋。	Катя_Гейне	卡捷琳娜_海涅		卡捷琳娜_海涅	卡捷琳娜_海涅	卡捷琳娜_海涅
112	otcy_i_deti.xml	142	 Аркадий пошел по коридору к себе в комнату , дворецкий нагнал его и доложил , что у него сидит господин Базаров . 	阿尔卡季沿走廊回房时，管事追上他禀报说，巴扎罗夫先生在他房里等他。	Аркадий_Базаров	阿尔卡季_巴扎罗夫	巴扎罗夫	巴扎罗夫	巴扎罗夫	
113	otcy_i_deti.xml	143	 — Евгений ! — пробормотал почти с испугом Аркадий , — давно ли он приехал ? 	“叶夫根尼！”阿尔卡季惊惶似的大声问道，“他来很久了吗？”	Евгений_Аркадий	叶夫根尼_阿尔卡季	叶夫根尼_阿尔卡季		叶夫根尼_阿尔卡季	叶夫根尼_阿尔卡季
114	otcy_i_deti.xml	188	 Одинцова его приняла не в той комнате , где он так неожиданно объяснился ей в любви , а в гостиной . 	奥金左娃接见他不是在他前不久突然吐露爱情的地方，而是在小客厅。	Одинцова	奥金左娃			奥金左娃	奥金左娃
115	otcy_i_deti.xml	201	 Так выражалась Анна Сергеевна , и так выражался Базаров , они оба думали , что говорили правду . 	安娜·谢尔盖耶芙娜这样说，巴扎罗夫这样说，他俩都认为他们说的是真话。	Анна_Сергеевна_Базаров	安娜_谢尔盖耶芙娜_巴扎罗夫	巴扎罗夫	安娜_巴扎罗夫	安娜_巴扎罗夫	安娜_谢尔盖耶芙娜
116	otcy_i_deti.xml	205	 Он чуть было не рассказал ей о своей дуэли с Павлом Петровичем , но удержался при мысли , как бы она не подумала , что он интересничает , и отвечал ей , что он все это время работал . 	他差点儿把他跟帕维尔·彼得罗维奇决斗一事和盘托出，但他及时打住，怕她听了认为他在卖弄自己，所以回答说，这段时间里一直在工作。	Павлом_Петровичем	帕维尔_彼得罗维奇	彼得罗维奇	帕维尔_彼得罗维奇	帕维尔_彼得罗维奇	彼得罗维奇
117	otcy_i_deti.xml	207	 Потом это прошло , ваш приятель , Аркадий Николаич , приехал , и я опять попала в свою колею , в свою настоящую роль . 	后来终算过去了，您的朋友阿尔卡季·尼古拉伊奇来了，我又回到原来的轨道，扮演我原来扮演的角色。”	Аркадий_Николаич	阿尔卡季_尼古拉伊奇	阿尔卡季		阿尔卡季_尼古拉伊奇	阿尔卡季
118	otcy_i_deti.xml	221	 — Вы ошибаетесь , Евгений Васильич . 	“您错了，叶夫根尼·瓦西里伊奇。”	Евгений_Васильич	叶夫根尼_瓦西里伊奇	叶夫根尼		叶夫根尼_瓦西里伊奇	叶夫根尼
119	otcy_i_deti.xml	228	 Ей все-таки было неловко с Базаровым , хотя она и ему сказала , и сама себя уверила , что все позабыто . Меняясь с ним самыми простыми речами , даже шутя с ним , она чувствовала легкое стеснение страха . Так люди на пароходе , в море , разговаривают и смеются беззаботно , ни дать ни взять , как на твердой земле , но случись малейшая остановка , появись малейший признак чего-нибудь необычайного , и тотчас же на всех лицах выступит выражение особенной тревоги , свидетельствующее о постоянном сознании постоянной опасности . 	她觉得和巴扎罗夫在一起总不自在，尽管她对他说过已把旧事忘却，并且她自己也相信这话，可是，与他即使是一般性的谈话，甚至仅是开个玩笑，总带有一种隐隐的恐惧，就像海上的旅客，在船上谈笑风生，觉得跟在结实的土地上一样没有区别，但只要出了小小的故障和意外，他们就特别惊慌。它证明，人人心里都记挂着随时可能发生的危险。	Базаровым	巴扎罗夫	巴扎罗夫	巴扎罗夫	巴扎罗夫	巴扎_罗夫
120	otcy_i_deti.xml	310	 — Вот как , — проговорил он , — а вы , кажется , не далее как вчера полагали , что он любит Катерину Сергеевну братскою любовью . 	“好呀，”他说，“昨儿您还认为，他对卡捷琳娜·谢尔盖耶芙娜的爱是兄妹之爱呢。	Катерину_Сергеевну	卡捷琳娜_谢尔盖耶芙娜		卡捷琳娜	卡捷琳娜_谢尔盖耶芙娜	卡捷琳娜_谢尔盖耶芙娜
121	otcy_i_deti.xml	312	 — Что вы мне посоветуете ? — спросила Анна Сергеевна , продолжая смеяться . 	“您的意见呢？”安娜·谢尔盖耶芙娜问，依然在笑。	Анна_Сергеевна	安娜_谢尔盖耶芙娜		安娜	安娜	安娜
122	otcy_i_deti.xml	347	 Не обижайся , пожалуйста : ты ведь , вероятно , помнишь , какого я всегда был мнения о Катерине Сергеевне . 	请不要见怪，你必记得我平时对卡捷琳娜·谢尔盖耶芙娜的看法。	Катерине_Сергеевне	卡捷琳娜_谢尔盖耶芙娜		卡捷琳娜	卡捷琳娜_谢尔盖耶芙娜	卡捷琳娜_谢尔盖耶芙娜
123	otcy_i_deti.xml	400	 Это существо была Фенечка . 	此人便是费多西娅。	Фенечка	费多西娅			费多西娅	费多西娅
124	otcy_i_deti.xml	401	 Он встречался с ней большею частью по утрам , рано , в саду или на дворе , в комнату к ней он не захаживал , и она всего раз подошла к его двери , чтобы спросить его — купать ли ей Митю или нет ? 	他多半在清早的花园里或者院子里遇见她。他从来不进她的卧室，她也仅仅一次走到他的门口，问她能否给米佳洗澡。	Митю	米佳	米佳		米佳	
125	otcy_i_deti.xml	402	 Она не только доверялась ему , не только его не боялась , она при нем держалась вольнее и развязнее , чем при самом Николае Петровиче . 	她不单信任他，不怕他，而且在他面前比在尼古拉·彼得罗维奇面前更感自由，更无拘谨之感。	Николае_Петровиче	尼古拉_彼得罗维奇	彼得罗维奇	尼古拉_彼得罗维奇	尼古拉_彼得罗维奇	尼古拉_彼得罗维奇
126	otcy_i_deti.xml	406	 При Николае Петровиче она как будто чуждалась Базарова : она это делала не из хитрости , а из какого-то чувства приличия . 	尼古拉·彼得罗维奇在场时她躲着巴扎罗夫——不是她存着小心眼，而是出于礼仪。	Николае_Петровиче_Базарова	尼古拉_彼得罗维奇_巴扎罗夫	彼得罗维奇_巴扎罗夫	尼古拉_彼得罗维奇_巴扎罗夫	尼古拉_彼得罗维奇_巴扎罗夫	尼古拉_彼得罗维奇
127	otcy_i_deti.xml	407	 Павла Петровича она боялась больше , чем когда-либо , он с некоторых пор стал наблюдать за нею и неожиданно появлялся , словно из земли вырастал за ее спиною в своем сьюте , с неподвижным зорким лицом и руками в карманах . 	现在她最怕的要算是帕维尔·彼得罗维奇了。不知是打从什么时候开始，他常常注视着她，有时候他像从地里突然冒出来似的出现在她身旁：一副英国式打扮，傲然的脸，犀利的目光，手插在裤兜里。	Павла_Петровича	帕维尔_彼得罗维奇	彼得罗维奇	帕维尔_彼得罗维奇	帕维尔_彼得罗维奇	帕维尔_彼得罗维奇
128	otcy_i_deti.xml	408	 « Так тебя холодом и обдаст », — жаловалась Фенечка Дуняше , а та в ответ ей вздыхала и думала о другом « бесчувственном » человеке . 	“我就像被当头浇了盆冰水似的，”费多西娅对杜尼亚莎诉说道。杜尼亚莎只是用叹气来回答她，心里想着另一个“没有感情的人”。	Фенечка_Дуняше	费多西娅_杜尼亚莎			费多西娅	费多西娅_杜尼亚莎
129	otcy_i_deti.xml	478	 — Эх , Федосья Николаевна ! поверьте мне : все умные дамы на свете не стоят вашего локотка . 	“唉，费多西娅·尼古拉耶芙娜，请您相信，世上所有聪明的太太小姐也比不上您那美丽的胳膊肘儿。”	Федосья_Николаевна	费多西娅_尼古拉耶芙娜			费多西娅_尼古拉耶芙娜	费多西娅
130	otcy_i_deti.xml	483	 — А знаете что ? Ведь с тех пор , как вы мне те капельки дали , помните ? уж как Митя спит хорошо ! 	“您记不记得给药水的那回？米佳服了睡得香香的！	Митя	米佳	米佳			
131	otcy_i_deti.xml	587	 — Какой Петр ? 	“哪个彼得？”	Петр	彼得	彼得	彼得	彼得	彼得
132	otcy_i_deti.xml	592	 Шила в мешке не утаишь , а Петра я берусь подготовить надлежащим образом и привести на место побоища . 	反正纸包不住火，而彼得嘛，我可以给予应有的开导，届时带他去决斗地点就是。”	Петра	彼得	彼得	彼得	彼得	彼得
133	otcy_i_deti.xml	622	 Фенечки словно на свете не бывало , она сидела в своей комнатке , как мышонок в норке . 	世上如同不存在费多西娅，她像耗子躲在洞穴里似的一整天坐在她的房里。	Фенечки	费多西娅			费多西娅	费多西娅
134	otcy_i_deti.xml	638	 Дорога из Марьина огибала лесок , легкая пыль лежала на ней , еще не тронутая со вчерашнего дня ни колесом , ни ногою . 	从玛丽伊诺村出来的路要绕过林子，这时路上蒙着一层薄薄的尘埃，还没被人踩过，被车轮辗过。	Марьина	玛丽伊诺			玛丽伊诺村	
135	otcy_i_deti.xml	681	 Базаров тихонько двинулся вперед , и Павел Петрович пошел на него , заложив левую руку в карман и постепенно поднимая дуло пистолета ... 	巴扎罗夫慢慢地向前走去。帕维尔·彼得罗维奇左手插在裤袋里，右手慢慢地举起枪，枪口瞄准对方，迎面走来……“	Базаров_Павел_Петрович	巴扎罗夫_帕维尔_彼得罗维	彼得罗维奇	巴扎罗夫_帕维尔_彼得罗维奇	巴扎罗夫_帕维尔_彼得罗维奇	帕维尔_彼得罗维奇
136	otcy_i_deti.xml	704	 — Убиты - с ? — прошелестел за его спиной трепетный голос Петра . 	“大老爷被打死了？”从他身后传来彼得的低语。	Петра	彼得	彼得	彼得	彼得	彼得
137	otcy_i_deti.xml	708	 Павел Петрович медленно открыл глаза . 	帕维尔·彼得罗维奇慢慢睁开了眼。	Павел_Петрович	帕维尔_彼得罗维奇	彼得罗维奇	帕维尔_彼得罗维奇	帕维尔_彼得罗维奇	帕维尔_彼得罗维奇
138	otcy_i_deti.xml	720	 Базаров встряхнул Петра за ворот и послал его за дрожками . 	巴扎罗夫揪住彼得的领子搡了几下，命他快去找马车。	Базаров_Петра	巴扎罗夫_彼得	巴扎罗夫_彼得	巴扎罗夫_彼得	巴扎罗夫_彼得	彼得
139	otcy_i_deti.xml	740	 Базаров обернулся и увидел бледное лицо Николая Петровича , сидевшего на дрожках . 	巴扎罗夫一回头，果见尼古拉·彼得罗维奇坐在两轮马车里，苍白着脸。	Базаров_Николая_Петровича	巴扎罗夫_尼古拉_彼得罗维奇	彼得罗维奇	巴扎罗夫_尼古拉_彼得罗维奇	巴扎罗夫_尼古拉_彼得罗维奇	尼古拉_彼得罗维奇
140	otcy_i_deti.xml	742	 — Что это значит ? — проговорил он взволнованным голосом . — Евгений Васильич , помилуйте , что это такое ? 	“怎么回事？”他惊惶地问，“叶夫根尼·瓦西里伊奇，敢请教到底为了什么？”	Евгений_Васильич	叶夫根尼_瓦西里伊奇	叶夫根尼		叶夫根尼_瓦西里伊奇	叶夫根尼
141	otcy_i_deti.xml	774	 — С какою Нелли , Паша ? 	“哪一个内莉呀，帕维尔？”	Нелли_Паша	内莉_帕维尔	帕维尔	内莉_帕维尔	内莉_帕维尔	帕维尔
142	otcy_i_deti.xml	807	 Николай Петрович читал ему журналы , Фенечка ему прислуживала по-прежнему , приносила бульон , лимонад , яйца всмятку , чай , но тайный ужас овладевал ею каждый раз , когда она входила в его комнату . Неожиданный поступок Павла Петровича запугал всех людей в доме , а ее больше всех , один Прокофьич не смутился и толковал , что и в его время господа дирывались , « только благородные господа между собою , а этаких прощелыг они бы за грубость на конюшне отодрать велели ». 	尼古拉·彼得罗维奇给他读报，费多西娅像原先那样侍候他：端肉汤，柠檬水，煮好的嫩鸡蛋。她每次进他房间的时候都觉得害怕，因为帕维尔·彼得罗维奇这次出人意外之举把宅子里所有的人都吓坏了，尤其是她。只普罗科菲伊奇见怪不怪，他说在他那时代老爷们决斗是常有的事，“有身份的老爷才这么做哩，至于滑头、骗子手，只配发落去马厩挨顿痛打。”	Николай_Петрович_Фенечка_Павла_Петровича_Прокофьич	尼古拉_彼得罗维奇_费多西娅_帕维尔_彼得罗维奇_普罗科菲伊奇	彼得罗维奇	尼古拉_彼得罗维奇_帕维尔_彼得罗维奇	尼古拉_彼得罗维奇_帕维尔_彼得罗维奇	尼古拉_彼得罗维奇_费多西娅_帕维尔_彼得罗维奇
143	otcy_i_deti.xml	816	 — Дуняша это без вас сделает , посидите немножко с больным человеком . Кстати , мне нужно поговорить с вами . 	“没您，杜尼亚莎也能对付，和您的病人坐会儿吧，我还有话要跟您说呢。”	Дуняша	杜尼亚莎			杜尼亚莎	杜尼亚莎
144	otcy_i_deti.xml	871	 Дверь растворилась — и веселый , свежий , румяный появился Николай Петрович . Митя , такой же свежий и румяный , как и отец , подпрыгивал в одной рубашечке на его груди , цепляясь голыми ножками за большие пуговицы его деревенского пальто . 	门开了，门口出现了快活的、脸色红润的、焕散着生气的尼古拉·彼得罗维奇，还有同样地快活的、脸色红润的米佳。孩子单穿件衬衣，在他父亲怀里欢蹦乱跳，还用赤脚丫蹭他外衣上的大纽子。	Николай_Петрович_Митя	尼古拉_彼得罗维奇_米佳	彼得罗维奇_米佳	尼古拉_彼得罗维奇	尼古拉_彼得罗维奇_米佳	尼古拉_彼得罗维奇_米佳
145	otcy_i_deti.xml	971	 Утром того дня он виделся с отцовским приказчиком , бывшим своим дядькой , Тимофеичем . 	那天早晨他见到了父亲的管家、从前曾照料过他的季莫菲伊奇。	Тимофеичем	季莫菲伊奇			季莫菲伊奇	季莫菲伊奇
146	otcy_i_deti.xml	984	 — И Арина Власьевна , слава тебе , Господи . 	“阿琳娜·弗拉西耶芙娜主也保佑着哩。”	Арина_Власьевна	阿琳娜_弗拉西耶芙娜			阿琳娜	阿琳娜
147	otcy_i_deti.xml	987	 — Ах , Евгений Васильевич , как не ждать - то - с ! 	“唉，叶夫根尼·瓦西里伊奇，哪有不等的呢！	Евгений_Васильевич	叶夫根尼_瓦西里伊奇	叶夫根尼		叶夫根尼_瓦西里伊奇	叶夫根尼
148	otcy_i_deti.xml	1010	 Одинцова слегка повернула голову . 	奥金左娃稍稍转过头来：	Одинцова	奥金左娃			奥金左娃	奥金左娃
149	otcy_i_deti.xml	1302	 — Арина Власьевна приказали просить чай кушать , — проговорила Анфисушка , проходя мимо с огромным блюдом спелой малины . Василий Иванович встрепенулся . 	这时安菲苏什卡捧着一大盆熟透了的马林果从他们身旁走过，她说道：“阿琳娜·弗拉西耶芙娜吩咐下来，叫我请老爷去用早茶。”	Арина_Власьевна_Анфисушка_Василий_Иванович	安菲苏什卡_阿琳娜_弗拉西耶芙娜			阿琳娜	安菲苏什卡_阿琳娜_弗拉西耶芙娜
150	otcy_i_deti.xml	1332	 Секунд-майор какой-то . При Суворове служил и все рассказывал о переходе через Альпы . 	大概是个准校，在苏沃洛夫部队里服役过，所以嘴上老挂着跨越阿尔卑斯山的事。	Суворове_Альпы	苏沃洛夫_阿尔卑斯山	苏沃洛夫		苏沃洛夫_阿尔卑斯山	苏沃洛夫_阿尔卑斯山
151	otcy_i_deti.xml	1334	 — То-то у вас в гостиной портрет Суворова висит . 	“哦，怪不得客厅里挂着苏沃洛夫的像。	Суворова	苏沃洛夫	苏沃洛夫		苏沃洛夫	苏沃洛夫
152	otcy_i_deti.xml	1404	 Да вот , например , ты сегодня сказал , проходя мимо избы нашего старосты Филиппа , — она такая славная , белая , — вот , сказал ты , Россия тогда достигнет совершенства , когда у последнего мужика будет такое же помещение , и всякий из нас должен этому способствовать ... 	举一个例，你今天走过村长菲利浦他那白白的、漂亮小屋的时候说，如果俄罗斯最后一个农民也能住上这样的小屋，那时俄罗斯就达到完善的地步了，而我们每一个人都应该促使它实现……	Филиппа	菲利浦		菲利浦	菲利浦	菲利浦
153	otcy_i_deti.xml	1405	 А я и возненавидел этого последнего мужика , Филиппа или Сидора , для которого я должен из кожи лезть и который мне даже спасибо не скажет ... да и на что мне его спасибо ? 	但我憎恨诸如菲利浦或叫西多尔这样的最后一个农民。干吗我要为他拼死卖力，他连谢也不说一声？……即使说声谢，又值得了多少？	Филиппа_Сидора	菲利浦_西多尔	西多尔	菲利浦	菲利浦_西多尔	菲利浦
154	otcy_i_deti.xml	1407	 — Полно , Евгений ... послушать тебя сегодня , поневоле согласишься с теми , которые упрекают нас в отсутствии принципов . 	“够啦，叶夫根尼……有人责备我们缺少准则，今儿听了你这番话，不由使我不得不同意他们的意见。”	Евгений	叶夫根尼	叶夫根尼		叶夫根尼	叶夫根尼
155	otcy_i_deti.xml	1530	 — Оно же и довело его до острова Святыя Елены , — промолвил отец Алексей и покрыл его туза козырем . 	“这可把他送上了圣赫勒拿岛，”阿历克赛神父打出王牌，把爱司盖了。	Елены_Алексей	赫勒拿_阿历克赛		圣赫勒拿岛	阿历克赛	圣赫勒拿岛_阿历克赛
156	otcy_i_deti.xml	1531	 — Не желаешь ли смородинной воды , Енюшечка ? — спросила Арина Власьевна . 	“想喝些醋栗果水吗，亲爱的叶夫根尼？”阿琳娜·弗拉西耶芙娜问。	Енюшечка_Арина_Власьевна	叶夫根尼_阿琳娜_弗拉西耶芙娜	叶夫根尼		叶夫根尼_阿琳娜	叶夫根尼_阿琳娜
157	otcy_i_deti.xml	1558	 Вели - ка завтра наших лошадей к Федоту выслать на подставу . 	请吩咐赶我们的马去费多特那儿套车。”	Федоту	费多特	费多特			
158	otcy_i_deti.xml	1560	 — Разве господин Кирсанов от нас уезжает ? 	“难道基尔萨诺夫先生要走吗？”	Кирсанов	基尔萨诺夫	基尔萨诺夫		基尔萨诺夫	
159	otcy_i_deti.xml	1578	 Мы , конечно , с Ариной этого не ожидали . 	当然，我和阿琳娜万没有料到。	Ариной	阿琳娜			阿琳娜	
160	otcy_i_deti.xml	1580	 ( Василий Иванович уже не упомянул о том , что каждое утро , чуть свет , стоя о босу ногу в туфлях , он совещался с Тимофеичем и , доставая дрожащими пальцами одну изорванную ассигнацию за другою , поручал ему разные закупки , особенно налегая на съестные припасы и на красное вино , которое сколько можно было заметить , очень понравилось молодым людям .) 	瓦西里·伊凡内奇没提他每天天光刚亮，便赤脚趿拉着拖鞋和季莫菲伊奇议事，并用颤抖的手指，数一张张破烂的纸币，委托对方去采办各色物品，特别是食品和红葡萄酒，因为他注意到年轻人非常喜欢这种红酒。	Василий_Иванович_Тимофеичем	瓦西里_伊凡内奇_季莫菲伊奇	瓦西里	瓦西里	瓦西里_伊凡内奇_季莫菲伊奇	瓦西里_伊凡内奇_季莫菲伊奇
161	otcy_i_deti.xml	1599	 « Что делать , Вася ! 	“有什么法子呢，瓦西里！	Вася	瓦西里	瓦西里	瓦西里	瓦西里	瓦西里
162	otcy_i_deti.xml	1635	 Всеобщее одушевление распространилось и на прислугу . Дуняша бегала взад и вперед как угорелая и то и дело хлопала дверями , а Петр даже в третьем часу ночи все еще пытался сыграть на гитаре вальс - казак . 	兴奋情绪也感染给了仆人们，杜尼亚莎像着了火似的跑前跑后，开门关门；彼得到了子夜两点多钟还在他的吉他上弹奏哥萨克圆舞曲。	Дуняша_Петр	杜尼亚莎_彼得	彼得	彼得	杜尼亚莎	杜尼亚莎_彼得
163	otcy_i_deti.xml	1675	 На повороте дорожки он увидел Анну Сергеевну . Она стояла к нему спиной . Услышав шаги , она тихонько обернулась . 	他看到安娜·谢尔盖耶芙娜在小径转弯处背他站着，此时听到脚步声慢慢转过身来。	Анну_Сергеевну	安娜_谢尔盖耶芙娜		安娜	安娜	安娜_谢尔盖耶芙娜
164	otcy_i_deti.xml	1684	 Порфирий Платоныч приехал , рассказал разные анекдоты , он только что вернулся из города . Между прочим , он сообщил , что губернатор , Бурдалу , приказал своим чиновникам по особым поручениям носить шпоры , на случай если он пошлет их куда-нибудь , для скорости , верхом . 	波尔菲里·普拉托内奇来了。他是刚从城里回来的，讲起了许多笑话，笑话之一说的是省长布尔达鲁命令下属一律在靴子上装好马刺，以便一有紧急情况，立即飞马前往执行。	Порфирий_Платоныч_Бурдалу	波尔菲里_普拉托内奇_布尔达鲁			波尔菲里·普拉托内奇_布尔达鲁	布尔达鲁
165	otcy_i_deti.xml	1780	 Добравшись до Хохловских выселков , Аркадий подождал , пока Федот , содержатель постоялого двора , запряг лошадей , и , подойдя к тарантасу , с прежнею улыбкой сказал Базарову : 	不久到了霍霍尔新村。阿尔卡季在等待店掌柜费多特套马那会儿走到四轮篷车跟前，带着平素的微笑对巴扎罗夫说：	Хохловских_Аркадий_Федот_Базарову	霍霍尔_阿尔卡季_费多特_巴扎罗夫	巴扎罗夫	巴扎罗夫	霍霍尔新村_阿尔卡季_巴扎罗夫	霍霍尔_阿尔卡季
166	otcy_i_deti.xml	1788	 « Наденьте шапки , дураки !» — потащился в город , куда прибыл очень поздно и где на следующий день , у Кукшиной , сильно досталось двум « противным гордецам и невежам ». 	“戴上你们的帽子，笨蛋！”一溜烟往省城而去。到城里已经很晚。第二天他在库克申娜那儿针对两个“狂妄和放肆的坏蛋”狠狠渲泄了一通。	Кукшиной	库克申娜				
167	otcy_i_deti.xml	1938	 Я , тот самый я , которого вы изволите видеть теперь перед собою , я у князя Витгенштейна и у Жуковского пульс щупал ! 	我，即现在站在您面前的这个人，也曾为维特更斯泰因伯爵和茹科夫斯基按过脉。	Жуковского	茹科夫斯基	茹科夫斯基	茹科夫斯基	茹科夫斯基	茹科夫斯基
168	otcy_i_deti.xml	1970	 Наконец вошла Танюша и доложила , что обед готов . 	终于丹纽什卡进来禀报，说饭已准备好了。	Танюша	丹纽什卡			丹纽什卡	丹纽什卡
169	otcy_i_deti.xml	2023	 Родительница его , из фамилии Колязиных , в девицах Agathe, а в генеральшах Агафоклея Кузьминишна Кирсанова , принадлежала к числу « матушек - командирш », носила пышные чепцы и шумные шелковые платья , в церкви подходила первая ко кресту , говорила громко и много , допускала детей утром к ручке , на ночь их благословляла , — словом , жила в свое удовольствие . 	他母亲娘家姓科利亚津，闺名Agathe③，成为将军夫人之后，便称作阿加福克利娅·库兹米尼什娜·基尔萨诺娃。这位“官太太”戴华丽的小帽，穿窸窣响的锦缎，在教堂里做弥撒时总是第一个抢上前去吻十字架，说话大声大气而且没完没了，早上让孩子吻手问安，睡前她向孩子祝福道别，一句话，日子过得称心如意。I③法语：阿加特。I	Колязиных_Агафоклея_Кузьминишна_Кирсанова	科利亚津_阿加福克利娅_库兹米尼什娜_基尔萨诺娃			科利亚津_·库兹米尼什娜_基尔萨诺娃	阿加福克利娅_基尔萨诺娃
170	otcy_i_deti.xml	2033	 Он женился на ней , как только минул срок траура , и , покинув министерство уделов , куда по протекции отец его записал , блаженствовал со своею Машей сперва на даче около Лесного института , потом в городе , в маленькой и хорошенькой квартире , с чистою лестницей и холодноватою гостиной , наконец — в деревне , где он поселился окончательно и где у него в скором времени родился сын Аркадий . 	服丧一满，他便和玛丽娅结了婚，舍弃父亲为他谋到的御产司官职，过起了幸福生活。他们先是住在林学院附近的一幢别墅里，后来搬到市内，租下一套住房，小巧舒适，有干净的楼梯，清凉的客厅。最后两口儿迁到乡下，自此在乡间长住。在那里，他们的儿子阿尔卡季出生了。	Машей_Аркадий	玛丽娅_阿尔卡季	阿尔卡季	玛丽娅	玛丽娅_阿尔卡季	玛丽娅_阿尔卡季
171	otcy_i_deti.xml	2078	 — Слышь , Митюха , — подхватил другой тут же стоявший ямщик с руками , засунутыми в задние прорехи тулупа , — барин - то тебя как прозвал ? 	“听见了吧，米秋哈，”另一个将手操在羊皮大袄后插口里的赶车人说，“老爷是怎么叫你来着？	Митюха	米秋哈		米秋哈		
172	otcy_i_deti.xml	2080	 Митюха только шапкой тряхнул и потащил вожжи с потной коренной . 	米秋哈只挥动一下他的帽子算作答礼，随即从汗津津的辕马嘴里取下马嚼子。	Митюха	米秋哈		米秋哈	米秋哈	
173	otcy_i_deti.xml	2137	 Вообще ты больших перемен в Марьине не найдешь . 	总的说来，在玛丽伊诺村你看不出有多大变化。”	Марьине	玛丽伊诺			玛丽伊诺村	
174	otcy_i_deti.xml	2186	 Да , весна в полном блеске . А впрочем , я согласен с Пушкиным — помнишь , в Евгении Онегине : 	是呀，现在正是最好的仲春时节，我完全同意普希金写的——你记得《叶夫根尼·奥涅金》吗？	Пушкиным_Евгении_Онегине	普希金_叶夫根尼_奥涅金	叶夫根尼	普希金_奥涅金	普希金_叶夫根尼_奥涅金	普希金_叶夫根尼_奥涅金
175	otcy_i_deti.xml	2283	 Она , однако , не потеряла головы и немедленно выписала к себе сестру своей матери , княжну Авдотью Степановну Х ... ю , злую и чванную старуху , которая , поселившись у племянницы в доме , забрала себе все лучшие комнаты , ворчала и брюзжала с утра до вечера и даже по саду гуляла не иначе как в сопровождении единственного своего крепостного человека , угрюмого лакея в изношенной гороховой ливрее с голубым позументом и в треуголке . 	但安娜没有因此慌张，而是马上请来姨妈阿芙多西娅·斯捷潘诺芙娜·×××公爵小姐，一个凶狠而又高傲的老太婆。公爵小姐来外甥女家后占了最好的房间，从早及暮挑肥拣瘦地嘀咕个没完，甚至去花园散步也要她唯一的农奴、一个苦着脸、穿件令人发笑的带有天蓝色镶边号衣和头戴三角帽的仆人陪伴。	Авдотью_Степановну	阿芙多西娅_斯捷潘诺芙娜			阿芙多西娅	阿芙多西娅_斯捷潘诺芙娜
176	otcy_i_deti.xml	2328	 Шампанское с Кукшиной пить ? 	和库克申娜喝香槟？	Кукшиной	库克申娜				
177	otcy_i_deti.xml	2344	 За церковью тянулось в два ряда длинное село с кое-где мелькающими трубами над соломенными крышами . Господский дом был построен в одном стиле с церковью , в том стиле , который известен у нас под именем Александровского , дом этот был также выкрашен желтою краской , и крышу имел зеленую , и белые колонны , и фронтон с гербом . 	教堂后是两排农舍，其中的一些竖着烟囱。庄园主的宅第也与教堂同一风格，也就是我们说的亚历山大朝代的风格：黄墙，绿瓦，白色廊柱，窗上有三角眉饰，门上缀有族徽。	Александровского	亚历山大	亚历山大	亚历山大		亚历山大
178	otcy_i_deti.xml	2379	 Борзая собака , имя которой было Фифи , подошла , махая хвостом , поочередно к обоим гостям и ткнула каждого из них своим холодным носом в руку . 	那条名叫菲菲的猎狗摇起尾巴，走到两位客人跟前，挨次把它冷冷的鼻子凑到他们手上。	Фифи	菲菲		菲菲	菲菲	菲菲
179	otcy_i_deti.xml	2785	 — Ты ее увидишь , Евгений , но сперва надобно побеседовать с господином доктором . Я им расскажу всю историю болезни , так как Сидор Сидорыч уехал ( так звали уездного врача ), и мы сделаем маленькую консультацию . 	“你会见到她的，叶夫根尼，但首先得和医生先生谈一下，因为西多尔·西多莱奇（就是那县医）已经走了，不得不由我向他讲明全部病史，并且作个小小的会诊。”	Евгений_Сидор_Сидорыч	叶夫根尼_西多尔_西多莱奇	叶夫根尼_西多尔	西多莱奇	叶夫根尼_西多尔_西多莱奇	叶夫根尼_西多尔_西多莱奇
180	otcy_i_deti.xml	2898	 В Дрездене , на Брюлевской террасе , между двумя и четырьмя часами , в самое фешенебельное время для прогулки , вы можете встретить человека лет около пятидесяти , уже совсем седого и как бы страдающего подагрой , но еще красивого , изящно одетого и с тем особенным отпечатком , который дается человеку одним лишь долгим пребыванием в высших слоях общества . 	在德国德雷斯登市的布吕尔梯形广场，每天两点到四点钟在此散步已成为人们的时新风尚。在那里你能见到一位五十开外的人，他头发霜白，像是患有关节炎，但穿着考究，风度翩翩，一举一动都带有一种只有长期厕身上流社会才有的特殊印记。	Брюлевской	布吕尔		布吕尔	布吕尔	布吕尔
181	otcy_i_deti.xml	2905	 Наши туристы очень за ним волочатся . Матвей Ильич Колязин , находящийся во временной оппозиции , величаво посетил его , проезжая на богемские воды , а туземцы , с которыми он , впрочем , видится мало , чуть не благоговеют перед ним . 	我们的旅游者很喜欢去拜访他，马特维·伊里奇·科里亚津因处于临时反对派地位，出国上波希米疗养途中就曾投刺造访。他跟本地人很少打交道，但深受他们推崇。	Матвей_Ильич_Колязин	马特维_伊里奇_科里亚津	伊里奇	马特维_伊里奇	马特维_伊里奇_科里亚津	马特维_伊里奇_科里亚津
182	otcy_i_deti.xml	2991	 Я уверен , что он не шутя воображает себя дельным человеком , потому что читает Галиньяшку и раз в месяц избавит мужика от экзекуции . 	我相信，他还俨然自居，是个干正事儿的人呢，因为他阅读《加林雅什》报，每月一次替农民说话，让农民少挨一顿鞭子。”	Галиньяшку	加林雅什				加林雅什
183	otcy_i_deti.xml	3251	 — Да , кстати , — начал Николай Петрович , видимо желая переменить разговор . — Я получил письмо от Колязина . 	“哦，我倒记起一件事来了，”尼古拉·彼得罗维奇显然想改变话题，“我收到科里亚津写来的一封信。”	Николай_Петрович_Колязина	尼古拉_彼得罗维奇_科里亚津	彼得罗维奇	尼古拉_彼得罗维奇	尼古拉_彼得罗维奇_科里亚津	尼古拉_彼得罗维奇_科里亚津
184	otcy_i_deti.xml	3252	 — От Матвея Ильича ? 	“马特维·伊里奇写来的？”	Матвея_Ильича	马特维_伊里奇	伊里奇	马特维_伊里奇	马特维_伊里奇	马特维_伊里奇
185	otcy_i_deti.xml	3530	 Его в губернии прозвали Бурдалу , намекая тем не на известного французского проповедника , а на бурду . 	在省里，人们称他为“布尔达来”，但并非把他跟那个法国的耶稣教传教士相提并论，而是影射“”，一种浑浊的劣质饮料。	Бурдалу	布尔达来			布尔达来	
186	otcy_i_deti.xml	3531	 Он пригласил Кирсанова и Базарова к себе на бал и через две минуты пригласил их вторично , считая их уже братьями и называя Кайсаровыми . 	省长邀请基尔萨诺夫及巴扎罗夫参加在他府邸举办的宴会，两分钟后他再次邀请，这时把巴扎罗夫认作了基尔萨诺夫一家的俩兄弟，且把基尔萨诺夫错读成凯撒罗夫。	Кирсанова_Базарова_Кайсаровыми	基尔萨诺夫_巴扎罗夫_凯撒罗夫	基尔萨诺夫_巴扎罗夫	巴扎罗夫	基尔萨诺夫_巴扎罗夫_凯撒罗夫	
187	otcy_i_deti.xml	3534	 — А ! это вы , герр Ситников , — проговорил Базаров , продолжая шагать по тротуару , — какими судьбами ? 	“哦，是您，盖尔①西特尼科夫，”巴扎罗夫边说边继续往前走。“什么风把您吹来了？”--------①德语：先生。	Ситников_Базаров	西特尼科夫_巴扎罗夫	西特尼科夫_巴扎罗夫	巴扎罗夫	西特尼科夫_巴扎罗夫	
188	otcy_i_deti.xml	3544	 — Мне очень лестно , — начал Ситников , выступая боком , ухмыляясь и поспешно стаскивая свои уже чересчур элегантные перчатки . — Я очень много слышал ... 	“非常荣幸，”西特尼科夫立时打开了话匣子，同时赶上一步，和他们肩并肩，匆匆脱下他那一双过分时髦的手套，“我听到过许多的……	Ситников	西特尼科夫	西特尼科夫		西特尼科夫	
189	otcy_i_deti.xml	3627	 Кстати читали вы статью Кислякова о женском труде в « Московских ведомостях »? 	顺便问一句，您有没有看过《莫斯科新闻》上基斯利亚科夫关于妇女工作的文章？	Кислякова	基斯利亚科夫	基斯利亚科夫		基斯利亚科夫	
190	otcy_i_deti.xml	3652	 Впрочем , я действительно помещица . Я сама имением управляю , и , представьте , у меня староста Ерофей — удивительный тип , точно Патфайндер Купера : что-то такое в нем непосредственное ! 	不过，我真是地主，亲自管理着我的田庄。您不妨设想一下我的经纪人叶罗费怪到什么程度，他活脱像那库珀①笔下的拓荒者，简直就是从拓荒者脱胎来的。--------①库珀（J．F．Cooper，一七八九——一八五一），美国小说家，《拓荒者》是他写的一本小说，也是小说主人公的别名。	Ерофей_Патфайндер_Купера	叶罗费	叶罗费	叶罗费	叶罗费	叶罗费
191	otcy_i_deti.xml	3685	 ( Возможность презирать и выражать свое презрение было самым приятным ощущением для Ситникова , он в особенности нападал на женщин , не подозревая того , что ему предстояло , несколько месяцев спустя , пресмыкаться перед своей женой потому только , что она была урожденная княжна Дурдолеосова .) 	（凡可以加以鄙视而又可能表示鄙视的场合西特尼科夫最感到愉快，尤其当话题涉及女性的时候，他万没料到几个月后将拜倒在他妻子的裙下，就因为妻子娘家姓杜尔多列奥索夫公爵的姓。）	Ситникова_Дурдолеосова	西特尼科夫_杜尔多列奥索夫	西特尼科夫		西特尼科夫_杜尔多列奥索夫	
192	otcy_i_deti.xml	3723	 Евдоксия болтала без умолку , Ситников ей вторил . Много толковали они о том , что такое брак — предрассудок или преступление , и какие родятся люди — одинаковые или нет ? и в чем собственно состоит индивидуальность ? 	叶芙多克西娅叨叨个不完，西特尼科夫和她一唱一和，大谈起结婚——究竟是一种偏见呢，还是一种罪过？人出世时是一样的还是不一样？个性归根结底表现在哪里？	Евдоксия_Ситников	叶芙多克西娅_西特尼科夫	西特尼科夫		西特尼科夫	叶芙多克西娅
193	otcy_i_deti.xml	3826	 — Васька , слышь , барин говорит , что мы с тобой те же лягушки . Чудно ! 	“小瓦夏，你听见了没有？老爷说咱们也是青蛙，真逗！”	Васька	瓦夏		瓦夏	瓦夏	
194	otcy_i_deti.xml	3827	 — Я их боюсь , лягушек - то , — заметил Васька , мальчик лет семи , с белою , как лен , головою , в сером казакине с стоячим воротником и босой . 	“我怕青蛙。”小瓦夏说。他是个七岁左右的男孩，一头亚麻似的淡白头发，穿件带铁扣儿的立领上装，打双赤脚。	Васька	瓦夏		小瓦夏	小瓦夏	
195	rudin.xml	9	 Молодая женщина шла из собственного своего села , отстоявшего не более версты от деревеньки , куда она направляла путь , звали ее Александрой Павловной Липиной . 	少妇是从自己庄园里出来，正要到离她家不过二里地的那个小村庄去。她的名字叫亚历山德拉·巴甫洛芙娜·李比娜。	Александрой_Павловной_Липиной	亚历山德拉_巴甫洛芙娜_李比娜	亚历山德拉	亚历山德拉_李比娜	亚历山德拉_李比娜	亚历山德拉_巴甫洛芙娜_李比娜
196	rudin.xml	10	 Она была вдова , бездетна и довольно богата , жила вместе с своим братом , отставным штаб-ротмистром Сергеем Павлычем Волынцевым . 	她是个寡妇，没有孩子，相当富裕。她跟弟弟，退役骑兵上尉谢尔盖·巴甫雷奇·沃伦采夫住在一起。	Сергеем_Павлычем_Волынцевым	谢尔盖_巴甫雷奇_沃伦采夫	谢尔盖	谢尔盖	谢尔盖_巴甫雷奇_沃伦采夫	谢尔盖_巴甫雷奇
197	rudin.xml	12	 Александра Павловна дошла до деревеньки , остановилась у крайней избушки , весьма ветхой и низкой , и , подозвав своего казачка , велела ему войти в нее и спросить о здоровье хозяйки . 	亚历山德拉·巴甫洛芙娜来到小村，在村口一间又破又矮的农舍前停下来。她把小厮叫到跟前，吩咐他进去询问女主人的病情。	Александра_Павловна	亚历山德拉_巴甫洛芙娜	亚历山德拉	亚历山德拉	亚历山德拉_巴甫洛芙娜	亚历山德拉_巴甫洛芙娜
198	rudin.xml	25	 — Как ты себя чувствуешь , Матрена ? — спросила она , наклонившись над лежанкой . 	“你觉得怎么样，玛特廖娜？”她俯身问道。	Матрена	玛特廖娜			玛特廖娜	玛特廖娜
199	rudin.xml	29	 — Бог милостив , Матрена : может быть , ты поправишься . 	“主是仁慈的，玛特廖娜：也许你会好起来的。	Матрена	玛特廖娜			玛特廖娜	玛特廖娜
200	rudin.xml	59	 — Ну , прощай , Матрена ! — проговорила Александра Павловна , — я к тебе еще приду , а ты не унывай и лекарство принимай аккуратно ... 	“那就再见了，玛特廖娜！”亚历山德拉·巴甫洛芙娜说。“我还会来看你的。	Матрена_Александра_Павловна	玛特廖娜_亚历山德拉_巴甫洛芙娜	亚历山德拉	亚历山德拉	玛特廖娜_亚历山德拉	玛特廖娜_亚历山德拉_巴甫洛芙娜
201	rudin.xml	72	 А вы откуда , Михайло Михайлыч ? 	您从哪儿来，米哈依洛·米哈雷奇？”	Михайло_Михайлыч	米哈依洛_米哈雷奇			米哈依洛_米哈雷奇	米哈雷奇
202	rudin.xml	82	 — Да вы вот с Ласунской всё знаетесь и , кажется , находитесь под ее влиянием . 	“您一直跟拉松斯卡姬来往，好像受了她的影响。	Ласунской	拉松斯卡			拉松斯卡姬	
203	rudin.xml	88	 — Дарья Михайловна умная женщина , я ее очень люблю и уважаю , но и она может ошибаться , и я не каждому ее слову верю . 	“达丽娘·米哈依洛芙娜是个聪明人，我很喜欢她，尊重她，不过她也有可能说错话，她的话我不是句句都相信的。”	Дарья_Михайловна	达丽娘_米哈依洛芙娜		达丽娘	达丽娘	达丽娘
204	rudin.xml	108	 — А вот я посмотрю , то ли вы заговорите , когда хоть раз хорошенько обожжетесь , — перебил ее с досадой Михайло Михайлыч и хлопнул вожжой по лошади . 	“我倒要看看，哪一天您被火烧成重伤以后还会不会说这样的话。”米哈依洛·米哈雷奇气恼地打断她，挥动缰绳在马背上抽了一下。	Михайло_Михайлыч	米哈依洛_米哈雷奇			米哈依洛_米哈雷奇	米哈雷奇
205	rudin.xml	116	 Александра Павловна отправилась тихонько назад по дороге домой . 	亚历山德拉·巴甫洛芙娜沿着回家的路慢慢向前走去。	Александра_Павловна	亚历山德拉_巴甫洛芙娜	亚历山德拉	亚历山德拉	亚历山德拉_巴甫洛芙娜	亚历山德拉_巴甫洛芙娜
206	rudin.xml	124	 — Вы от Дарьи Михайловны ? 	“您是从达丽娅·米哈依洛芙娜那儿来的吗？”	Дарьи_Михайловны	达丽娅_米哈依洛芙娜		达丽娅	达丽娅	达丽娅
207	rudin.xml	135	 Вообще дамы средних лет охотно покровительствовали Константину Диомидычу : он умел искать , умел находить в них . 	中年的太太们一般都很乐意做康斯坦丁·季奥米德奇的庇护人：他善于投其所好，博取她们的欢心。	Константину_Диомидычу	康斯坦丁_季奥米德奇		康斯坦丁	康斯坦丁_季奥米德奇	康斯坦丁
208	rudin.xml	147	 — Да , Михайло Михайлыч Лежнев , — возразил Волынцев . 	“是的，就是米哈依洛·米哈雷奇·列日涅夫。”沃伦采夫说。	Михайло_Михайлыч_Лежнев_Волынцев	米哈依洛_米哈雷奇_列日涅夫_沃伦采夫	列日涅夫	列日涅夫	米哈依洛_米哈雷奇_列日涅夫_沃伦采夫	米哈雷奇
209	rudin.xml	149	 Г-н Пандалевский тебя проведет домой ... 	潘达列夫斯基先生会送你回家的。”	Пандалевский	潘达列夫斯基			潘达列夫斯基	潘达列夫斯基
210	rudin.xml	150	 И Волынцев пустил лошадь рысью . 	说完沃伦采夫便赶着马儿一路小跑起来。	Волынцев	沃伦采夫			沃伦采夫	
211	rudin.xml	165	 Дарья Михайловна недавно с ним познакомились у князя Гарина и с большой похвалой о нем отзываются , как о любезном и образованном молодом человеке . 	达丽娅·米哈依洛芙娜是前不久在加林公爵家里与他认识的，对他非常赏识，夸奖他是个教养有素、讨人喜欢的年轻人。	Дарья_Михайловна_Гарина	达丽娅_米哈依洛芙娜_加林	加林	达丽娅_加林	达丽娅_加林	达丽娅_加林
212	rudin.xml	171	 Жуковский с ними советовался , а благодетель мой , проживающий в Одессе благопотребный старец Роксолан Медиарович Ксандрыка ... 	茹科夫斯基①还跟她探讨过呢，连我那位德高望重的恩人，如今住在敖德萨的罗克索兰·缅季阿罗维奇·克桑特雷卡……|①茹科夫斯基（1783-1852），俄国著名诗人。|	Жуковский_Роксолан_Медиарович_Ксандрыка	茹科夫斯基_罗克索兰_缅季阿罗维奇_克桑特雷卡	茹科夫斯基	茹科夫斯基_罗克索兰	茹科夫斯基_罗克索兰_克桑特雷卡	茹科夫斯基_罗克索兰_克桑特雷卡
213	rudin.xml	188	 А что Наташа ? 	娜塔莎好吗？”	Наташа	娜塔莎	娜塔莎	娜塔莎	娜塔莎	娜塔莎
214	rudin.xml	189	 — Наталья Алексеевна , слава богу , здоровы - с ... 	“托上帝的福，娜塔里娅·阿历克赛耶芙娜很好，夫人……	Наталья_Алексеевна	娜塔里娅_阿历克赛耶芙娜				娜塔里娅_阿历克赛耶芙娜
215	rudin.xml	281	 Потрясенный до основания этим последним ударом , Пигасов затеял было тяжбу с женою , но ничего не выиграл ... 	比加索夫被这最后一次打击搞得晕头转向，他决定跟妻子打官司，结果却一无所获……	Пигасов	比加索夫			比加索夫	
216	rudin.xml	312	 После этого вы , пожалуй , также не поверите , что наша соседка Чепузова , Елена Антоновна , сама , заметьте , сама , мне рассказала , как она уморила своего родного племянника ? 	这件事你们不相信，那么另一件事你们也许同样不会相信：我们的邻居叶莲娜·安东诺芙娜·切普佐娃亲口告诉我——请注意，亲口！——她是怎样害死了她的侄儿。”	Чепузова_Елена_Антоновна	叶莲娜_安东诺芙娜_切普佐娃		切普佐娃	叶莲娜_切普佐娃	叶莲娜_切普佐娃
217	rudin.xml	319	 — Ну ! — заметила Дарья Михайловна , — взобрался Африкан Семеныч на своего конька — теперь не слезет с него до вечера . 	“瞧！”达丽娅·米哈依洛芙娜说。“阿夫里康·谢苗内奇今晚上了马背就再也下不来了。”	Дарья_Михайловна_Африкан_Семеныч	达丽娅_米哈依洛芙娜_阿夫里康_谢苗内奇		达丽娅_阿夫里康	达丽娅_阿夫里康	达丽娅_阿夫里康_谢苗内奇
218	rudin.xml	383	 или : Седе казачино Наливайко на кургане !, а там : По - пид горою , по - пид зелено́ю , грае , грае воропае , гоп ! гоп ! 	或者以《哥萨克纳里瓦伊科①坐在山岗上》为题：‘在那山脚下，在那树荫中，格拉耶，格拉耶，沃罗巴耶，你快快走啊！’|①纳里瓦伊科，乌克兰农民起义领袖，于1597年被波兰人杀害。|	Наливайко	纳里瓦伊科				
219	rudin.xml	404	 Здравствуйте , Сергей Павлыч ! 	您好，谢尔盖·巴甫雷奇！”	Сергей_Павлыч	谢尔盖_巴甫雷奇	谢尔盖	谢尔盖	谢尔盖_巴甫雷奇	谢尔盖_巴甫雷奇
220	rudin.xml	449	 Наталья дружелюбно взглянула на него и еще раз сказала : merci. 	娜塔里娅友好地看了他一眼，又说了声“谢谢②”。|②原文为法语。|	Наталья	娜塔里娅				娜塔里娅
221	rudin.xml	476	 Он прислал мне свою статью с одним господином Рудиным , своим приятелем . 	他委托他的朋友罗亭先生，把论文给我送来了。	Рудиным	罗亭		罗亭	罗亭	罗亭
222	rudin.xml	480	 — Дмитрии Николаевич Рудин , — доложил лакей . 	“德米特里·尼古拉耶维奇·罗亭。”仆人禀报说。	Дмитрии_Николаевич_Рудин	德米特里_尼古拉耶维奇_罗亭	德米特里	德米特里_罗亭	德米特里_尼古拉耶维奇_罗亭	德米特里_罗亭
223	rudin.xml	540	 Пандалевский рассмеялся . 	潘达列夫斯基哈哈大笑。	Пандалевский	潘达列夫斯基			潘达列夫斯基	潘达列夫斯基
224	rudin.xml	680	 — Да уж я думаю , Дарья Михайловна , — возразил с досадой Пигасов , — что вам , во всяком случае , легче было бы жить без истины , чем без вашего повара Степана , который такой мастер варить бульоны ! 	“我认为，达丽娅·米哈依洛芙娜，”比加索夫忿忿然说，“对您来说，没有真理总比没有您那位做得一手好肉冻的厨子斯捷潘日子更好过些！	Дарья_Михайловна_Пигасов_Степана	达丽娅_米哈依洛芙娜_比加索夫_斯捷潘	斯捷潘	达丽娅_斯捷潘	达丽娅_米哈依洛芙娜_比加索夫_斯捷潘	达丽娅_斯捷潘
225	rudin.xml	698	 Волынцев , сидевший подле нее , тоже встал . 	坐在她身边的沃伦采夫也站了起来。	Волынцев	沃伦采夫			沃伦采夫	
226	rudin.xml	826	 Вот вам бы заняться ею , Дмитрий Николаич : это милое существо , ее надо только развить немножко , непременно надо ее развить ! 	德米特里·尼古拉耶奇，您一定要跟她认识一下：她是个可爱的女人，只是在修养方面还有待提高，无论如何要提高她的修养。”	Дмитрий_Николаич	德米特里_尼古拉耶奇	德米特里	德米特里	德米特里_尼古拉耶奇	德米特里
227	rudin.xml	835	 — А кто же такой этот , как вы говорите , чудак , к которому г-жа Липина неравнодушна ? — спросил он . 	李比娜太太对他抱有好感的，究竟是谁啊？”他问。	Липина	李比娜		李比娜	李比娜	李比娜
228	rudin.xml	1227	 — Что это Сергея Павлыча давно не видать ? — спросил он вдруг . 	“怎么好久没见谢尔盖·巴甫雷奇了？”他突然问道。	Сергея_Павлыча	谢尔盖_巴甫雷奇	谢尔盖	谢尔盖	谢尔盖_巴甫雷奇	谢尔盖_巴甫雷奇
229	rudin.xml	1337	 Покорский жил в маленькой , низенькой комнатке , в мезонине старого деревянного домика . 	波科尔斯基住在一间又矮又小的陋室里，在一幢破旧的小木房的阁楼上。	Покорский	波科尔斯基	波科尔斯基		波科尔斯基	
230	rudin.xml	1355	 Рудин превосходно развивал любую мысль , спорил мастерски , но мысли его рождались не в его голове : он брал их у других , особенно у Покорского . 	罗亭可以把任何一个思想发挥得淋漓尽致，争论起来可以把对方驳得体无完肤；可是他的种种思想并非出自他的脑袋，而是从别人那儿，尤其是从波科尔斯基那儿批发过来的。	Рудин_Покорского	罗亭_波科尔斯基	波科尔斯基	罗亭	罗亭_波科尔斯基	罗亭
231	rudin.xml	2928	 Стало быть , этот Курбеев капиталист ? 	这么说来库尔别耶夫是个大资本家咯？”	Курбеев	库尔别耶夫			库尔别耶夫	库尔别耶夫
232	rudin.xml	3028	 — Да , брат , — начал он , — я теперь могу сказать с Кольцовым : « До чего ты , моя молодость , довела меня , домыкала , что уж шагу ступить некуда ... 	“是的，老兄，”他说。“我现在可以借用科尔卓夫①的诗句来说明我的处境：‘啊，我的青春，你逼得我无路可走，寸步难行……’	Кольцовым	科尔卓夫			科尔卓夫	
233	rudin.xml	3146	 Этот «Polonais» был — Дмитрий Рудин . 	这位“波兰人”就是——德米特里·罗亭。	Дмитрий_Рудин	德米特里_罗亭	德米特里	德米特里_罗亭	德米特里_罗亭	德米特里_罗亭
234	shinel.xml	10	 Фамилия чиновника была Башмачкин . 	这个官员姓巴什马奇金。	Башмачкин	巴什马奇金			巴什马奇金	
235	shinel.xml	13	 Имя его было Акакий Акакиевич . 	他的名字叫阿卡基·阿卡基耶维奇。	Акакий_Акакиевич	阿卡基_阿卡基耶维奇			阿卡基_阿卡基耶维奇	阿卡基_阿卡基耶维奇
236	shinel.xml	17	 Матушка еще лежала на кровати против дверей , а по правую руку стоял кум , превосходнейший человек , Иван Иванович Ерошкин , служивший столоначальником в сенате , и кума , жена квартального офицера , женщина редких добродетелей , Арина Семеновна Белобрюшкова . 	她那时还躺在正对着门的床上，右首站着教父，一个出名的好人，在参政院当股长的伊凡·伊凡诺维奇·叶罗什金，而教母则是一位警察署长的妻子，品德十分高尚的妇人，名叫阿丽娜·谢苗诺芙娜·别洛勃留什柯娃②。|②旧俄习俗，孩子受洗取名，必须有一名教父和一名教母在场，于是孩子的父母与教父、教母结为干亲家。|	Иван_Иванович_Ерошкин_Арина_Семеновна_Белобрюшкова	伊凡_伊凡诺维奇_叶罗什金_阿丽娜_谢苗诺芙娜_别洛勃留什柯娃	叶罗什金		伊凡_伊凡诺维奇_叶罗什金_阿丽娜	伊凡_伊凡诺维奇_叶罗什金_阿丽娜_谢苗诺芙娜
237	shinel.xml	19	 Чтобы угодить ей , развернули календарь в другом месте , вышли опять три имени : Трифилий , Дула и Варахасий . « Вот это наказание , — проговорила старуха , — какие всё имена , я , право , никогда и не слыхивала таких . 	为了让她称心如意，大家把日历翻到另一页上；又出现了3个名字：特里菲利、杜拉和瓦拉哈西。“这真是罪孽，”母亲说，“尽是这样的名字；我真的还从来没听说过呢。	Трифилий_Варахасий	特里菲利_杜拉和瓦拉哈西	特里菲利		特里菲利	
238	shinel.xml	22	 Отец был Акакий , так пусть и сын будет Акакий ». Таким образом и произошел Акакий Акакиевич . 	父亲叫阿卡基，儿子也叫阿卡基吧。”阿卡基·阿卡基耶维奇就是这么个来历③。|③“阿卡基耶维奇”是父称，即“阿卡基之子”的意思。|	Акакий_Акакий_Акакий_Акакиевич	阿卡基_阿卡基耶维奇_阿卡基_阿卡基耶维奇			阿卡基_阿卡基耶维奇	阿卡基_阿卡基耶维奇
239	shinel.xml	75	 Увидевши , в чем дело , Акакий Акакиевич решил , что шинель нужно будет снести к Петровичу , портному , жившему где-то в четвертом этаже по черной лестнице , который , несмотря на свой кривой глаз и рябизну по всему лицу , занимался довольно удачно починкой чиновничьих и всяких других панталон и фраков , — разумеется , когда бывал в трезвом состоянии и не питал в голове какого-нибудь другого предприятия . 	阿卡基·阿卡基耶维奇一看事情到了这个地步，决定把外套送到裁缝彼得罗维奇那里去，他就住在沿后边楼梯上去的四层楼上，尽管是个独眼龙，一脸麻子，可是修补起官员们和其他各式人等的裤子和燕尾服来倒也相当的熟练，——不用说，那是要在他没有喝醉和脑子里没有想别的念头的时候。	Акакий_Акакиевич_Петровичу	阿卡基_阿卡基耶维奇_彼得罗维奇	彼得罗维奇	彼得罗维奇	阿卡基_阿卡基耶维奇_彼得罗维奇	阿卡基_阿卡基耶维奇_彼得罗维奇
240	shinel.xml	76	 Об этом портном , конечно , не следовало бы много говорить , но так как уже заведено , чтобы в повести характер всякого лица был совершенно означен , то , нечего делать , подавайте нам и Петровича сюда . 	说到这个裁缝，当然不该喧宾夺主，可如今是这么个规矩，讲故事非得把每个人物的性格说个一清二楚不可，所以，没有办法，我们也只好在这里把彼得罗维奇提出来说一说。	Петровича	彼得罗维奇	彼得罗维奇	彼得罗维奇	彼得罗维奇	彼得罗维奇
241	shinel.xml	77	 Сначала он назывался просто Григорий и был крепостным человеком у какого-то барина , Петровичем он начал называться с тех пор , как получил отпускную и стал попивать довольно сильно по всяким праздникам , сначала по большим , а потом , без разбору , по всем церковным , где только стоял в календаре крестик . 	起初，他的名字就简单地叫格里戈利，是一个地主老爷家的农奴；自从领了自由证书①，每到节日，起初是每逢大的节日，总要喝一顿，到后来便不管三七二十一，只要是日历上印着一个十字的宗教日子就都喝得醉眼朦胧，——打这个时候起，就改名为彼得罗维奇了。|①旧俄时代解除农奴身分的证书。|	Григорий_Петровичем	格里戈利_彼得罗维奇	彼得罗维奇	彼得罗维奇	格里戈利_彼得罗维奇	格里戈利_彼得罗维奇
242	shinel.xml	87	 В таком состоянии Петрович обыкновенно очень охотно уступал и соглашался , всякий раз даже кланялся и благодарил . 	每逢这种时候，彼得罗维奇通常都很好说话，痛痛快快地答应，甚至每次都又是鞠躬又是道谢。	Петрович	彼得罗维奇	彼得罗维奇	彼得罗维奇	彼得罗维奇	彼得罗维奇
243	shinel.xml	91	 Петрович прищурил на него очень пристально свой единственный глаз , и Акакий Акакиевич невольно выговорил : 	彼得罗维奇眯着一只独眼紧盯着他，于是阿卡基·阿卡基耶维奇只得开口说道：	Петрович_Акакий_Акакиевич	彼得罗维奇_阿卡基_阿卡基耶维奇	彼得罗维奇	彼得罗维奇	彼得罗维奇_阿卡基_阿卡基耶维奇	彼得罗维奇_阿卡基_阿卡基耶维奇
244	shinel.xml	143	 Петрович , точно , после субботы сильно косил глазом , голову держал к полу и был совсем заспавшись , но при всем том , как только узнал , в чем дело , точно как будто его черт толкнул . 	彼得罗维奇过了礼拜六之后，果然眼睛歪斜得厉害，耷拉着脑袋，直瞪着地板，一副睡眼惺忪的样子；然而，尽管如此，当他明白了来意之后，仿佛是魔鬼推搡了他一把似的。	Петрович	彼得罗维奇	彼得罗维奇	彼得罗维奇	彼得罗维奇	彼得罗维奇
245	shinel.xml	158	 Акакий Акакиевич имел обыкновение со всякого истрачиваемого рубля откладывать по грошу в небольшой ящичек , запертый на ключ , с прорезанною в крышке дырочкой для бросания туда денег . 	阿卡基·阿卡基耶维奇有个习惯，每花掉1个卢布，就往一只上了锁、盖上挖了窟窿眼的小箱子里塞一枚半戈比的铜币。	Акакий_Акакиевич	阿卡基_阿卡基耶维奇			阿卡基_阿卡基耶维奇	阿卡基_阿卡基耶维奇
246	shinel.xml	193	 Петрович не упустил при сем случае сказать , что он так только , потому что живет без вывески на небольшой улице и притом давно знает Акакия Акакиевича , потому взял так дешево , а на Невском проспекте с него бы взяли за одну только работу семьдесят пять рублей . 	彼得罗维奇也不放过机会表白说，因为没有挂牌，又地处小街上，加之跟阿卡基·阿卡基耶维奇又是老熟人，所以，他要的工钱才这么便宜；要是在涅瓦大街上，光是工钱就得要75卢布。	Петрович_Акакия_Акакиевича_Невском	彼得罗维奇_阿卡基_阿卡基耶维奇_涅瓦	彼得罗维奇	彼得罗维奇_涅瓦	彼得罗维奇_阿卡基_阿卡基耶维奇_涅瓦大街	彼得罗维奇_阿卡基_阿卡基耶维奇_涅瓦
247	shinel.xml	238	 Все это : шум , говор и толпа людей , — все это было как-то чудно Акакию Акакиевичу . 	吵吵嚷嚷，人声鼎沸，这么一大群人——这一切都使阿卡基·阿卡基耶维奇觉得有些怪诞。	Акакию_Акакиевичу	阿卡基_阿卡基耶维奇			阿卡基_阿卡基耶维奇	阿卡基_阿卡基耶维奇
248	shinel.xml	267	 Когда же рассказал он , в чем дело , она всплеснула руками и сказала , что нужно идти прямо к частному , что квартальный надует , пообещается и станет водить , а лучше всего идти прямо к частному , что он даже ей знаком , потому что Анна , чухонка , служившая прежде у нее в кухарках , определилась теперь к частному в няньки , что она часто видит его самого , как он проезжает мимо их дома , и что он бывает также всякое воскресенье в церкви , молится , а в то же время весело смотрит на всех , и что , стало быть , по всему видно , должен быть добрый человек . 	等到他详细讲了事情的经过，她两手向上一拍①，说要直接去找警察署长，巡长光会哄人，空口答应，就会胡弄人；不如直接去找警察署长，她甚至跟他面熟呢，因为有个名叫安娜的芬兰女人，曾在她家里当过厨娘，如今在警察署长家当了保姆，还说她常常见到警察署长乘车打这房子跟前经过，他每个礼拜天都要上教堂去祷告，同时又高高兴兴地瞧着所有的人，所以，从这些事儿看来，他会是一个好人。|①俄罗斯人的一种习惯动作，常表示喜悦、惊讶、诧异、惋惜、困惑等。|	Анна	安娜		安娜	安娜	安娜
249	shinel.xml	301	 В это время доложили ему , что пришел какой-то Башмачкин . 	就在这个时候，有人禀报说一个叫巴什马奇金的人求见。	Башмачкин	巴什马奇金			巴什马奇金	
250	shinel.xml	305	 Здесь надобно сказать , что значительный человек совершенно прилгнул : ему было время , они давно уже с приятелем переговорили обо всем и уже давно перекладывали разговор весьма длинными молчаньями , слегка только потрепливая друг друга по ляжке и приговаривая : « Так-то , Иван Абрамович !» — « Этак - то , Степан Варламович ! 	这里得说明一下，这位大人物分明是说了一个谎：他有的是工夫，跟朋友在谈天说地，早就把什么事儿都扯到了，因为侃得太多而长时间地无话可说了，只是一边相互轻拍着大腿，一边说：“是这样的，伊凡·阿勃拉莫维奇！”——“可不是嘛，斯杰潘·瓦尔拉莫维奇！”	Иван_Абрамович_Степан_Варламович	伊凡_阿勃拉莫维奇_斯杰潘_瓦尔拉莫维奇		伊凡	伊凡_阿勃拉莫维奇_斯杰潘_瓦尔拉莫维奇	伊凡_阿勃拉莫维奇_斯杰潘
251	shinel.xml	350	 Именно будочник какого-то квартала в Кирюшкином переулке схватил было уже совершенно мертвеца за ворот на самом месте злодеяния , на покушении сдернуть фризовую шинель с какого-то отставного музыканта , свиставшего в свое время на флейте . 	确切点说，某个街区的岗警在基柳什金胡同里，当那亡魂正要从一个吹长笛的退职乐师身上扒去一件面绒粗毛呢外套时，当场揪住了那亡魂的衣领。	Кирюшкином	基柳什金		基柳什金		基柳什金
252	shinel.xml	365	 Шампанское сообщило ему расположение к разным экстренностям , а именно : он решил не ехать еще домой , а заехать к одной знакомой даме , Каролине Ивановне , даме , кажется , немецкого происхождения , к которой он чувствовал совершенно приятельские отношения . 	香槟酒引发了他的兴致，要去办些刻不容缓的事情，譬如说吧：他决定暂不回家，而要驱车去探望一位过从甚密的卡罗琳娜·伊凡诺芙娜，那是一位似乎是德国血统的太太，他们之间交情甚笃。	Каролине_Ивановне	卡罗琳娜_伊凡诺芙娜			卡罗琳娜_伊凡诺芙娜	卡罗琳娜_伊凡诺芙娜
253	shinel.xml	391	 Привидение , однако же , было уже гораздо выше ростом , носило преогромные усы и , направив шаги , как казалось , к Обухову мосту , скрылось совершенно в ночной темноте . 	然而，那幽灵的个子已经变得高多了，蓄起了大把的胡子，迈开大步，似乎是朝奥布霍夫桥那边去了，随后便完全隐没在幽暗的夜色里。	Обухову	奥布霍夫	奥布霍夫			
254	smert_chinovnika.xml	1	 В один прекрасный вечер не менее прекрасный экзекутор , Иван Дмитрич Червяков , сидел во втором ряду кресел и глядел в бинокль на « Корневильские колокола ». 	一个美好的晚上，一位心情美好的庶务官伊凡·德米特里·切尔维亚科夫，坐在剧院第二排座椅上，正拿着望远镜观看轻歌剧《科尔涅维利的钟声》①。|①法国作曲家普朗盖特（一八四七－一九０三）作的轻歌剧。|	Иван_Дмитрич_Червяков_Корневильские	伊凡_德米特里_切尔维亚科夫_科尔涅维利		伊凡	伊凡_德米特里_切尔维亚科夫_科尔涅维利	德米特里
255	smert_chinovnika.xml	11	 Червяков нисколько не сконфузился , утерся платочком и , как вежливый человек , поглядел вокруг себя : не обеспокоил ли он кого-нибудь своим чиханьем ? 	切尔维亚科夫毫不慌张，掏出小手绢擦擦脸，而且像一位讲礼貌的人那样，举目看看四周：他的喷嚏是否溅着什么人了？	Червяков	切尔维亚科夫			切尔维亚科夫	
256	smert_chinovnika.xml	14	 В старичке Червяков узнал статского генерала Бризжалова , служащего по ведомству путей сообщения . 	切尔维亚科夫认出这人是三品文官布里扎洛夫将军，他在交通部门任职。	Червяков_Бризжалова	切尔维亚科夫_布里扎洛夫			切尔维亚科夫_布里扎洛夫	布里扎洛夫
257	smert_chinovnika.xml	27	 В антракте он подошел к Бризжалову , походил возле него и , поборовши робость , пробормотал : 	幕间休息时，他走到布里扎洛夫跟前，在他身边走来走去，终于克制住胆怯心情，嗫嚅道：	Бризжалову	布里扎洛夫			布里扎洛夫	布里扎洛夫
258	smert_chinovnika.xml	40	 На другой день Червяков надел новый вицмундир , постригся и пошел к Бризжалову объяснить ... 	第二天，切尔维亚科夫穿上新制服，刮了脸，去找布里扎洛夫解释……	Червяков_Бризжалову	切尔维亚科夫_布里扎洛夫			切尔维亚科夫_布里扎洛夫	布里扎洛夫
259	smert_chinovnika.xml	42	 Опросив несколько просителей , генерал поднял глаза и на Червякова . 	询问过几人后，将军抬眼望着切尔维亚科夫。	Червякова	切尔维亚科夫			切尔维亚科夫	
260	smert_chinovnika.xml	43	 — Вчера в « Аркадии », ежели припомните , ваше — ство , — начал докладывать экзекутор , — я чихнул - с и ... нечаянно обрызгал ... Изв ... 	“昨天在‘阿尔卡吉亚’①剧场，倘若大人还记得的话，”庶务官开始报告，“我打了一个喷嚏，无意中溅了……务请您原……”|①古希腊一个洲，居民以牧羊力业。喻：安乐之邦。|	Аркадии	阿尔卡吉亚			阿尔卡吉亚	阿尔卡吉亚
261	smert_chinovnika.xml	56	 Так думал Червяков , идя домой . 	切尔维亚科夫这么思量着回到家里。	Червяков	切尔维亚科夫			切尔维亚科夫	
262	stal.xml	###undefined###	Глазки отца Василия сосредоточились на четырех фигурках.	瓦西里神甫那对小眼睛死盯在四个男孩子身上。	Василия	瓦西里	瓦西里	瓦西里	瓦西里	瓦西里
263	stal.xml	###undefined###	Никто не понимал, почему Павку Корчагина выгнали из школы. 	谁也不明白保尔-柯察金为什么被赶出学校。	Павку_Корчагина	保尔_柯察金		保尔_柯察金	保尔_柯察金	保尔_柯察金
264	stal.xml	###undefined###	Только Сережка Брузжак, друг и приятель Павки, видел, как Павка насыпал попу в пасхальное тесто горсть махры там, на кухне, где ожидали попа шестеро неуспевающих учеников. Им пришлось отвечать уроки уже на квартире у попа. 	只有他的好朋友谢廖沙-勃鲁扎克知道是怎么回事。那天他们六个不及格的学生到神甫家里去补考，在厨房里等神甫的时候，他看见保尔把一把烟末撒在神甫家过复活节用的发面里。	Сережка_Брузжак_Павки	谢廖沙_勃鲁扎克_保尔		谢廖沙_保尔	谢廖沙_勃鲁扎克_保尔	谢廖沙_勃鲁扎克_保尔
265	stal.xml	###undefined###	Выгнанный Павка присел на последней ступеньке крыльца. 	保尔被赶了出来，坐在门口最下一磴台阶上。	Павка	保尔		保尔	保尔	保尔
266	stal.xml	###undefined###	Сережке ничего, а меня, наверное, выгонят». 	谢廖沙倒没事，我可说不定要给撵出学校了。	Сережке	谢廖沙		谢廖沙		
267	stal.xml	###undefined###	Уже давно началась эта вражда с отцом Василием. 	保尔跟瓦西里神甫早就结下了仇。	Василием	保尔_瓦西里	瓦西里	保尔_瓦西里	保尔_瓦西里	保尔_瓦西里
268	stal.xml	###undefined###	Как-то подрался Павка с Левчуковым Мишкой, и его оставили «без обеда». Чтобы не шалил в пустом классе, учитель привел шалуна к старшим, во второй класс. Павка уселся на заднюю скамью.	有一回，他跟米什卡-列夫丘科夫打架，老师罚他留校，不准回家吃饭，又怕他在空教室里胡闹，就把这个淘气鬼送到高年级教室，让他坐在后面的椅子上。	Павка_Левчуковым_Мишкой_Павка	米什卡_列夫丘科夫	米什卡		米什卡_列夫丘科夫	米什卡
269	stal.xml	###undefined###	Сережка Брузжак из класса не выходил, чувствовал, что и он виноват, но помочь товарищу ничем не мог.	谢廖沙在教室里没有出来，他觉得自己也有过错，但是又想不出办法帮助他的伙伴。	Сережка_Брузжак	谢廖沙		谢廖沙	谢廖沙	谢廖沙
270	stal.xml	###undefined###	В открытое окно учительской высунулась голова заведующего школой Ефрема Васильевича, и густой бас его заставил Павку вздрогнуть.	校长叶夫列姆-瓦西里耶维奇的脑袋从教员室的窗口探了出来，他那低沉的声音吓得保尔一哆嗦。	Ефрема_Васильевича_Павку	叶夫列姆_瓦西里耶维奇_保尔	瓦西里耶维奇	保尔	叶夫列姆_瓦西里耶维奇_保尔	叶夫列姆_保尔
271	stal.xml	###undefined###	– Пошлите сейчас же ко мне Корчагина! – крикнул он.	叫柯察金马上到我这儿来“他喊道！	Корчагина	柯察金		柯察金	柯察金	柯察金
272	stal.xml	###undefined###	– Зина, отведи мальчика в судомойню, скажи Фросеньке, чтобы дала ему работу вместо Гришки. 	济娜“把这个小伙计领到洗刷间去，叫弗罗霞给他派活，顶格里什卡，	Зина_Фросеньке_Гришки	济娜_弗罗霞_格里什卡	格里什卡	济娜_弗罗霞	济娜_弗罗霞	济娜
273	stal.xml	###undefined###	– Ты уж, Павлуша, постарайся, не срамись. 	保夫鲁沙“你可要好好干哪，别丢脸，	Павлуша	保夫鲁沙		保夫鲁沙		保夫鲁沙
274	stal.xml	###undefined###	– Хорошо, – тихо ответил Павка и вопросительно взглянул на стоявшую перед ним Фросю. 	嗯“保尔轻轻答应了一声。同时看了看站在面前的弗罗霞”等她发话，	Павка_Фросю	保尔_弗罗霞		保尔_弗罗霞	保尔_弗罗霞	保尔_弗罗霞
275	stal.xml	###undefined###	У Фросеньки уж и племянник завелся. 	弗罗霞这回捡了笑得比谁都厉害！	Фросеньки	弗罗霞		弗罗霞	弗罗霞	弗罗霞
276	stal.xml	###undefined###	Пожилая судомойка Анисья, посмотрев на дверь, скрывшую Павку, сказала: 	有年纪的女工，名叫阿尼西娅的，望着他刚掩上的门，说：	Анисья	阿尼西娅			阿尼西娅	阿尼西娅
277	stal.xml	###undefined###	– Почему в шесть? – спросил Павка. 	干吗六点“保尔问？	Павка	保尔		保尔		保尔
278	stal.xml	###undefined###	Мать хотела о чем-то предупредить. Он понял – в раскрытое окно комнаты виднелась широкая спина брата Артема.	母亲好像有什么事要关照他一下，可是他已经明白了。从敞开的窗户里，他看到了阿尔焦姆哥哥宽大的后背。	Артема	阿尔焦姆			阿尔焦姆	阿尔焦姆
279	stal.xml	###undefined###	 «Артем уже все знает, – подумал Павка.	阿尔焦姆并没有打他的意思。他坐在凳子上，两只胳膊支着桌子，目不转睛地望着保尔，说不清是嘲弄还是蔑视。	Артем_Павка	阿尔焦姆_保尔			阿尔焦姆_保尔	阿尔焦姆_保尔
280	stal.xml	###undefined###	Особенно скучно стало, когда ушла с работы Фрося.	弗罗霞离开食堂以后，保尔就更加感到烦闷了。	Фрося	弗罗霞_保尔		弗罗霞	弗罗霞	弗罗霞
281	stal.xml	###undefined###	А игра там была в полном разгаре. Побуревший от волнения Заливанов держал банк.	那里赌得正起劲，扎利瓦诺夫坐庄，他兴奋得满脸通红。	Заливанов	扎利瓦诺夫			扎利瓦诺夫	
282	stal.xml	###undefined###	Обернулся: сверху спускался Прохошка.	保尔回过头，看见堂倌普罗霍尔从上边走下来。	Прохошка	普罗霍尔			普罗霍尔	普罗霍尔
283	stal.xml	###undefined###	– Прохошка, подожди.	普罗霍尔“你等一下，	Прохошка	普罗霍尔			普罗霍尔	普罗霍尔
284	stal.xml	###undefined###	Климка, поставив на полку последнюю ярко начищенную кастрюлю, вытирал руки.	克利姆卡把最后一只擦得锃亮的平底锅放到架子上之后，擦着手。	Климка	克利姆卡			克利姆卡	克利姆卡
285	stal.xml	###undefined###	– Садись, Климка.	坐下吧“克利姆卡，	Климка	克利姆卡			克利姆卡	克利姆卡
286	stal.xml	###undefined###	Павка поднялся и сел рядом с Климкой.	保尔站起来，坐到克利姆卡身旁。	Павка_Климкой	保尔_克利姆卡		保尔_克利_姆_卡		保尔_克利姆卡
287	stal.xml	###undefined###	– Могу я видеть официанта Прохора? – спросил у Глаши незнакомый рабочий.	我找堂倌普罗霍尔“行吗，一个陌生的工人问格拉莎？	Прохора_Глаши	普罗霍尔_格拉莎			普罗霍尔_格拉莎	普罗霍尔_格拉莎
288	stal.xml	###undefined###	Артем шагнул вперед и, тяжело опустив руку на плечо официанта, спросил, глядя в упор: 	阿尔焦姆朝前迈了一步，一只有力的手使劲按住堂倌的肩膀，两道目光紧紧逼住他，问：	Артем	阿尔焦姆			阿尔焦姆	阿尔焦姆
289	stanc_smotritel.xml	3	 Князь Вяземский . 	维雅齐姆斯基公爵①|①维雅齐姆斯基（1792-1878），俄国诗人。这两句引自他的诗《驿站》，普希金稍加修改。|	Вяземский	维雅齐姆斯基				维雅齐姆斯基
290	stanc_smotritel.xml	6	 Кто не почитает их извергами человеческого рода , равными покойным подьячим или по крайней мере муромским разбойникам ? 	有谁不把他们当成不齿于人类的坏蛋，简直如同往日包揽讼狱的刀笔吏，或者，起码也酷似穆罗姆森林里翦径的土匪？	муромским	穆罗姆	穆罗姆	穆罗姆	穆罗姆	穆罗姆
291	stanc_smotritel.xml	10	 Какова должность сего диктатора , как называет его шутливо князь Вяземский ? 	维雅齐姆斯基公爵开玩笑称之为土皇帝的人的职务究竟如何呢？	Вяземский	维雅齐姆斯基				维雅齐姆斯基
292	stanc_smotritel.xml	41	 « Эй , Дуня ! — закричал смотритель , — поставь самовар да сходи за сливками ». 	喂！冬尼娅！站长叫道，"茶炊拿来，再拿点奶油。"	Дуня	冬尼娅		冬尼娅	冬尼娅	
293	stanc_smotritel.xml	67	 Это был точно Самсон Вырин , но как он постарел ! Покамест собирался он переписать мою подорожную , я смотрел на его седину , на глубокие морщины давно небритого лица , на сгорбленную спину — и не мог надивиться , как три или четыре года могли превратить бодрого мужчину в хилого старика . 	他正是萨姆松·威林，老多了，当他正待动手登记我的驿马使用证的时候，我望着他一头白发，满脸皱纹，胡子拉碴好久没剃，背脊佝偻——三四年工夫竟能使一名身强力壮的汉子变成一个衰朽的老头儿，我怎能不惊讶呢？	Самсон_Вырин	萨姆松_威林	萨姆松	萨姆松_威林	萨姆松_威林	萨姆松_威林
294	stanc_smotritel.xml	80	 Ах , Дуня , Дуня ! 	唉！冬尼娅，冬尼娅！	Дуня_Дуня	冬尼娅_冬尼娅		冬尼娅_冬尼娅	冬尼娅_冬尼娅	冬尼娅
295	stanc_smotritel.xml	108	 Больной обмакивал губы и всякий раз , возвращая кружку , в знак благодарности слабою своей рукою пожимал Дунюшкину руку . 	病人只打湿一下嘴唇，趁每次递还杯子的机会，他照例伸出软绵绵的手捏一捏冬妞莎①的小手儿，以示感激不尽。|①冬尼娅的爱称。|	Дунюшкину	冬妞莎		冬妞莎		
296	stanc_smotritel.xml	135	 Из подорожной знал он , что ротмистр Минский ехал из Смоленска в Петербург . 	他从驿马使用证上得知骑兵大尉明斯基是从斯摩棱斯克动身前往彼得堡去的。	Минский	斯摩棱斯克_彼得堡_明斯基	斯摩棱斯克_彼得堡	明斯基_斯摩棱斯克_彼得堡	斯摩棱斯克	明斯基_斯摩棱斯克_彼得堡
297	stanc_smotritel.xml	139	 Вскоре узнал он , что ротмистр Минский в Петербурге и живет в Демутовом трактире . 	不久他打听到骑兵大尉明斯基正在彼得堡，住在杰蒙特饭店。	Минский_Демутовом	明斯基_杰蒙特	明斯基	明斯基	杰蒙特	明斯基_杰蒙特
298	stanc_smotritel.xml	175	 « Здесь стоит Авдотья Самсоновна ?» — спросил он . 	阿芙朵琪娅·萨姆松诺夫娜住这儿吗？	Авдотья_Самсоновна	阿芙朵琪娅_萨姆松诺夫娜			阿芙朵琪娅	阿芙朵琪娅_萨姆松诺夫娜
299	stanc_smotritel.xml	178	 « Нельзя , нельзя ! — закричала вслед ему служанка , — у Авдотьи Самсоновны гости ». 	不行！不行！女仆在后面叫起来，"阿芙朵琪娅·萨姆松诺夫娜有客。"	Авдотьи_Самсоновны	阿芙朵琪娅_萨姆松诺夫娜			阿芙朵琪娅_萨姆松诺夫娜	阿芙朵琪娅_萨姆松诺夫娜
300	stanc_smotritel.xml	202	 Таков был рассказ приятеля моего , старого смотрителя , рассказ , неоднократно прерываемый слезами , которые живописно отирал он своею полою , как усердный Терентьич в прекрасной балладе Дмитриева . 	以上便是我的朋友老站长所说的故事。说这故事的时候，他几次喉口作梗，泣不成声。他操起上衣的下摆怆然擦掉泪水，就象是季米特里耶夫①的叙事诗中的那个热心肠的杰连季奇一样。|①季米特里耶夫（1780-1837），俄国诗人。这里提到的叙事诗是他的《退伍骑兵司务长》。|	Дмитриева	季米特里耶夫	季米特里耶夫		季米特里耶夫	
301	stanc_smotritel.xml	218	 Эй , Ванька ! полно тебе с кошкою возиться . 	喂！万卡！你跟猫崽玩得也够了，来！	Ванька	万卡		万卡	万卡	
302	stanc_smotritel.xml	237	 — Приходила , — отвечал Ванька , — я смотрел на нее издали . 	来过，万卡回答，"我远远地望着她。	Ванька	万卡		万卡	万卡	
303	starukha.xml	1	 Я слышал эти рассказы под Аккерманом, в Бессарабии, на морском берегу.	这些故事我是在比萨拉比亚阿克曼城附近的海边上听到的。	Бессарабии_Аккерманом	比萨拉比亚_阿克曼		阿克曼	比萨拉比亚_阿克曼城	阿克曼
304	starukha.xml	3	 Однажды вечером, кончив дневной сбор винограда, партия молдаван, с которой я работал, ушла на берег моря, а я и старуха Изергиль остались под густой тенью виноградных лоз и, лежа на земле, молчали, глядя, как тают в голубой мгле ночи силуэты тех людей, что пошли к морю.	有一天夜晚，当把白天采葡萄的工作做完了的时候，那一群和我在一块儿工作的摩尔维亚人都到海边去了。只有我和伊泽吉尔老太婆仍留在葡萄藤的浓荫底下，躺在地面上，静静地望着那些到海边去的人们的背影怎样消失在深蓝的夜色之中。	Изергиль	摩尔维亚_伊泽吉尔		摩尔维亚_伊泽吉尔	摩尔维亚人_伊泽吉尔	
305	starukha.xml	19	 - Что ты не пошел с ними? - кивнув головой, спросила старуха Изергиль.	“你怎么不和他们一同去呢？”伊泽吉尔老太婆点了一下头这样问道。	Изергиль	伊泽吉尔		伊泽吉尔	伊泽吉尔	
306	starukha.xml	34	 - Смотри, вон идет Ларра! 	“瞧，拉那在那儿走着！”	Ларра	拉那				
307	starukha.xml	41	 Почему ты зовешь ее Ларра? 	你为什么叫它是拉那呢？”	Ларра	拉那			拉那	
308	tolstytonky.xml	8	 - Порфирий! - воскликнул толстый, увидев тонкого.	“波尔菲里！”胖子看到瘦子大声喊道，	Порфирий	波尔菲里				
309	tolstytonky.xml	15	 - Миша! Друг детства! 	“这是米沙，小时候的朋友！	Миша	米沙			米沙	米沙
310	tolstytonky.xml	30	 Это вот моя жена, Луиза, урожденная Ванценбах... лютеранка... 	这是我的妻子路易莎，娘家姓万岑巴赫……她是新教徒……	Луиза_Ванценбах	路易莎_万岑巴赫	路易莎	路易莎	路易莎	
311	tolstytonky.xml	33	 А это сын мой, Нафанаил, ученик III класса. 	这是我的儿子，纳法奈尔，中学三年级学生。	Нафанаил	纳法奈尔	纳法奈尔		纳法奈尔	
312	tolstytonky.xml	34	 Это, Нафаня, друг моего детства! 	纳法尼亚，这位是我小时候的朋友！	Нафаня	纳法尼亚			纳法尼亚	
313	tolstytonky.xml	43	 Не бойся, Нафаня! 	你别害怕，纳法尼亚！	Нафаня	纳法尼亚			纳法尼亚	
314	tolstytonky.xml	45	 А это моя жена, урожденная Ванценбах... лютеранка.	噢，这是我的妻子，娘家姓万岑巴赫……新教徒。”	Ванценбах	万岑巴赫				
315	tolstytonky.xml	52	 Коллежским асессором уже второй год и Станислава имею. 	升了八品文官，已经做了两年了，还得了一枚圣斯坦尼斯拉夫勋章。	Станислава	斯坦尼斯拉夫	斯坦尼斯拉夫			
316	tolstytonky.xml	87	 Это вот, ваше превосходительство, сын мой Нафанаил... жена Луиза, лютеранка, некоторым образом...	这是，大人，我的儿子纳法奈尔……这是我妻子路易莎，新教徒，某种意义上说……”	Нафанаил_Луиза	纳法奈尔_路易莎	纳法奈尔_路易莎	路易莎	纳法奈尔_路易莎	
317	v_lyudiakh.xml	18	 Кроме хозяина , в магазине торговал мой брат , Саша Яковов , и старший приказчик — ловкий , липкий и румяный человек . 	铺子里除了老板以外，还有亚科夫的儿子，我的表兄萨沙和一个红脸的大伙计，他这个人挺机灵，会纠缠人。	Саша_Яковов	亚科夫_萨沙	亚科夫_萨沙	萨沙	亚科夫_萨沙	萨沙
318	v_lyudiakh.xml	19	 Саша носил рыженький сюртучок , манишку , галстук , брюки навыпуск , был горд и не замечал меня . 	萨沙穿着红褐色的常礼服、衬胸、散腿裤，系着领带。他很傲慢，不把我放在眼里。	Саша	萨沙	萨沙	萨沙	萨沙	萨沙
319	v_lyudiakh.xml	24	 — Каширин , не вытаращивай зенки , — советовал ему хозяин . 	“卡希林，别老瞪着眼！”老板这样说他。	Каширин	卡希林	卡希林	卡希林	卡希林	卡希林
320	v_lyudiakh.xml	26	 Приказчик почтительно смеялся , хозяин уродливо растягивал губы , Саша , багрово налившись кровью , скрывался за прилавком . 	大伙计满脸陪笑，老板难看地撇着嘴，萨沙红着脸躲到柜台后面去了。	Саша	萨沙	萨沙	萨沙	萨沙	萨沙
321	v_lyudiakh.xml	48	 Мне было тягостно и скучно , я привык жить самостоятельно , с утра до ночи на песчаных улицах Кунавина , на берегу мутной Оки , в поле и в лесу . 	我觉得苦恼，寂寞。我过惯了无拘无束的生活，从早到晚，呆在库纳维诺区的砂土路上，在浑浊的奥卡河边，在旷野和森林中。	Кунавина	库纳维诺_奥卡河	奥卡河	奥卡河	库纳维诺区_奥卡河	奥卡
322	v_lyudiakh.xml	51	 Хозяин прятал в карман свою сладкую улыбку , командовал : — Каширин , прибери товар ! 	老板把甜蜜的微笑收敛起来，命令萨沙说：“卡希林，把货物收起来！”	Каширин	卡希林	卡希林	卡希林	卡希林	卡希林
323	v_lyudiakh.xml	60	 Сбросив с плеч ротонду на руки Саши , она стала еще красивее : стройная фигура была туго обтянута голубовато-серым шёлком , в ушах сверкали брильянты , — она напомнила мне Василису Прекрасную , и я был уверен , что это сама губернаторша . 	她脱去外套，交给萨沙，显得更加漂亮。苗条的身材紧裹在碧灰色的绸衣中，两耳上的钻石亮得耀眼。她使我想起绝代美人瓦西莉萨，我认定这女人一定是省长夫人。	Саши_Василису	萨沙_瓦西莉萨	萨沙	萨沙	萨沙_瓦西莉萨	萨沙_瓦西莉萨
324	v_lyudiakh.xml	130	 Иногда она приходила ко мне за печку и , разбудив меня , просила хрипло : — Не спится мне , Лексейка , боязно чего-то , поговори - ка ты со мной . 	有时候，她绕过炉炕走到我身边，把我摇醒，哑着嗓子说：“列克谢伊卡，我有点害怕，睡不着，你跟我聊聊吧！”	Лексейка	列克谢伊卡				
325	v_lyudiakh.xml	160	 И стал креститься в угол , на маленький образок Николы Чудотворца , а помолившись , скомандовал в сени : — Каширин , беги , объяви полиции ! 	于是，他走到屋角上奇迹创造者尼古拉小圣像面前，画了十字，祷告之后，在前室里命令我：“卡希林，快去报告警察局！”	Николы_Каширин	尼古拉_卡希林	卡希林	尼古拉_卡希林	尼古拉_卡希林	尼古拉_卡希林
326	v_lyudiakh.xml	198	 Сашины вещи вызвали у меня чувство разочарования , смущения и томительной жалости к нему . 	萨沙的东西使我感到失望、气恼，并且怜悯起他来。	Сашины	萨沙	萨沙	萨沙	萨沙	萨沙
327	v_lyudiakh.xml	304	 Будь у него борода и волосы длиннее , он был бы похож на апостола Петра . 	要是他的胡子跟头发再长一点，那就跟使徒彼得完全一模一样了。	Петра	彼得	彼得	彼得	彼得	彼得
328	v_lyudiakh.xml	332	 — Сейчас я всё сделаю по закону , — сказал солдат , уходя , а бабушка , стирая слезы с лица , говорила : — Наш солдат , балахонский , оказался ... 	“我马上去办手续，”那个兵说着，走开了。外祖母抹着眼泪继续说：“这个兵原来是我们巴拉罕纳城的人……”	балахонский	巴拉罕纳			巴拉罕纳城	
329	v_lyudiakh.xml	341	 Улыбаясь , она добавила : — Вот — обрадуется она скоро , сын воскреснет ! А Варюша , дочь моя ... 	她微笑着，又说。“圣母喜欢的日子快要到了，她的儿子复活了，可是，瓦留莎，我的女儿呢……”	Варюша	瓦留莎			瓦留莎	瓦留莎
330	v_lyudiakh.xml	347	 — Знаем , знаем , — торопливо проговорила бабушка , отмахиваясь от него , а войдя в комнату и ставя самовар , рассказывала : — Теперь на́чисто разорился дедушко - то , какие деньги были , все отдавал крестнику Николаю в рост , а расписок , видно , не брал с него , — уж не знаю , как это у них сталось , только разорился , пропали деньги . 	“得啦，得啦。”外祖母急忙说，挥手赶开他。随后，走进屋子里，一面烧茶炊，一面说：“你外公现在完全变成穷光蛋了。他那点钱全都交给教子尼古拉去放利息，大概连字据也没向他要，不知道他们怎么弄的，可是钱没有了，变成穷光蛋了。	Николаю	尼古拉	尼古拉	尼古拉	尼古拉	尼古拉
331	v_lyudiakh.xml	348	 А всё за то , что бедным не помогали мы , несчастных не жалели , господь - то и подумал про нас : для чего же я Кашириных добром оделил ? 	这都因为我们不帮助穷人，不对可怜的人行善。上帝一定在想：我为什么把好运给卡希林家呢？	Кашириных	卡希林	卡希林		卡希林	卡希林
332	v_lyudiakh.xml	363	 В углу на сундуке , в бельевой корзине , проснулся Коля и смотрел оттуда , синие полоски глаз едва видны из-под век . 	睡在屋角大箱盖上那只装内衣的篮子里的科利亚醒过来了，他向我望了一眼，眼睑下露出隐约可见的青筋。	Коля	科利亚	科利亚		科利亚	
333	v_lyudiakh.xml	365	 На улице меня ждали печальные вести : Вяхирь помер , его на страстной неделе « ветряк задушил », Хаби ушел жить в город , у Язя отнялись ноги , он не гулял . 	街上有许多不好的消息在等候着我：维亚希尔死了，他是在受难周“被风车轧死”的；哈比到城里找事情做去了；雅兹丧失了两腿，不能游玩了。	Вяхирь_Хаби_Язя	维亚希尔_哈比_雅兹		雅兹	维亚希尔_雅兹	雅兹
334	v_lyudiakh.xml	370	 Тут на вашем дворе , у Чеснокова , новые живут — Евсеенки , парнишка — Нюшка , ничего , ловкий . 	你们院子里切斯诺科夫那边，新搬来了一家姓叶夫谢延科的；有一个孩子叫纽什卡，还不错，怪机灵的。	Чеснокова_Евсеенки_Нюшка	切斯诺科夫_叶夫谢延科_纽什卡	叶夫谢延科	纽什卡	切斯诺科夫_纽什卡	叶夫谢延科_纽什卡
335	v_lyudiakh.xml	410	 Охо -хо, Олеша , бедно живет народ , и никому нет о нем заботы ! 	啊哟，阿廖沙，大家都过着穷日子，可是谁也不关心他们呀！	Олеша	阿廖沙	阿廖沙	阿廖沙	阿廖沙	阿廖沙
336	v_lyudiakh.xml	422	 Спрашиваю я ее : « Как же ты живешь , Мосевна ? 	我问她：‘莫谢芙娜，你怎样过活呢？’	Мосевна	莫谢芙娜			莫谢芙娜	莫谢芙娜
337	v_lyudiakh.xml	433	 — Видела , Людмила , как я все пять чушек из города вышиб ? 	“瞅见没有，柳德米拉？我一下子把五个圆柱全打出去啦！”	Людмила	柳德米拉		柳德米拉	柳德米拉	
338	v_lyudiakh.xml	514	 Евсеенко , перекинув гармонию на грудь , играет . 	叶夫谢延科把手风琴扣在胸口，拉奏着，奏出各种曲子。	Евсеенко	叶夫谢延科	叶夫谢延科			
339	v_lyudiakh.xml	535	 — Перестаньте ! — боязливо просит Людмила . 	“住手呀！”柳德米拉害怕地央求着。	Людмила	柳德米拉		柳德米拉	柳德米拉	
340	v_lyudiakh.xml	536	 Скосив на нее черные глаза , Кострома рассказывает про охотника Калинина , седенького старичка с хитрыми глазами , человека дурной славы , знакомого всей слободе . 	科斯特罗马转动黑眼珠斜瞟着她，讲猎人卡里宁的故事：那是一个目光狡猾的白发老头，全村都认识他，是出名的坏蛋。	Кострома_Калинина	科斯特罗马_卡里宁	科斯特罗马		科斯特罗马_卡里宁	卡里宁
341	v_lyudiakh.xml	545	 Подошел сын лавочницы , Валёк , толстый , румяный парень лет двадцати , послушал наш спор и сказал : — Кто из трех до света пролежит на гробу — двугривенный дам и десяток папирос , а кто струсит — уши надеру , сколько хочу , ну ? 	女掌柜的儿子走过来了，他叫瓦廖克，约莫二十岁模样，是一个红脸的胖小伙子。听了争论之后，他说：“你们三个人当中，不管哪个只要能在棺材顶上过一夜，我就给二十戈比和十支烟卷，要是害怕了跑回来，就让我拉耳朵拉个够，好不好？”	Валёк	瓦廖克			瓦廖克	瓦廖克
342	v_lyudiakh.xml	549	 — И сказал Вальку : — Дай ему рубль , всё равно не пойдет , форсит только ... 	然后对瓦廖克说：“你就给他一卢布吧，反正他是不会去的，只是吹牛罢了……”	Вальку	瓦廖克			瓦廖克	瓦廖克
343	v_lyudiakh.xml	575	 Язёв отец — Дрянной Мужик — лениво бьет в сторожевой колокол , каждый раз , когда он дергает веревку , она , задевая за железный лист крыши , жалобно поскрипывает , потом раздается сухой удар маленького колокола , — он звучит кратко , скучно . 	雅兹的父亲（绰号叫做“饭袋”）正在守望楼上懒洋洋地打钟，每拉一下绳子，绳子就磨擦屋顶的铅皮，象哭泣似地轧响，然后，小小的铜钟冷淡地响一下——又短促，又凄凉。	Язёв	雅兹		雅兹	雅兹	雅兹
344	v_lyudiakh.xml	581	 На буграх , в железнодорожном карьере , где берут песок , или где-то в деревне Катызовке верещит , захлебываясь , гармоника , за оградою идет всегда пьяный кузнец Мячов и поет , — я узнаю его по песне : 	铁路采沙场的土山上，或是卡特佐夫卡村那边，手风琴在哽咽。总是醉醺醺的铁匠米亚乔夫，哼着歌儿在墙外走过，我一听歌声就知道是他：	Катызовке_Мячов	卡特佐夫卡_米亚乔夫				卡特佐夫卡村
345	v_lyudiakh.xml	619	 Незаметно , как маленькая звезда на утренней заре , погас брат Коля . 	弟弟科利亚，象一颗小小的晨星悄然消失了。	Коля	科利亚	科利亚		科利亚	科利亚
346	v_lyudiakh.xml	625	 Вот высунулась из окна волосатая башка лодочника Ферманова , угрюмого пьяницы , он смотрит на солнце крошечными щелками заплывших глаз и хрюкает , точно кабан . 	船夫费尔马诺夫，这个阴郁的醉鬼，从窗口探出乱发蓬蓬的脑袋，睁开浮肿的小眼望着太阳，跟野猪一样哼着鼻子。	Ферманова	费尔马诺夫			费尔马诺夫	费尔马诺夫
347	v_lyudiakh.xml	645	 — Не балуй , — сказал Язёв отец , покуривая . 	“别胡闹！”雅兹的父亲一边抽烟，一边说。	Язёв	雅兹		雅兹	雅兹	雅兹
348	v_lyudiakh.xml	650	 Отдавая деньги сторожу , бабушка сказала с укором : — А ты все-таки потревожил Варину - то домовину ... 	外祖母把钱给看墓人的时候，责备地说：“你到底还是惊动了瓦留莎的棺材……”	Варину	瓦留莎			瓦留莎	瓦留莎
349	v_lyudiakh.xml	661	 Года еще нет , а сгнила Варя - то ! 	一年还不到，瓦里娅就腐烂了。	Варя	瓦里娅			瓦里娅	瓦里娅
350	v_lyudiakh.xml	694	 Над его мягкой щетиной черным шатром высоко поднималась сосновая чаща — « Савелова Грива ». 	在这座蓬松如盖的树林上方，耸立着一座蓊郁的松林，那就是“萨韦洛夫岗”。	Савелова	萨韦洛夫			萨韦洛夫	萨韦洛夫
351	v_lyudiakh.xml	695	 Всё это богатство принадлежало графу Шувалову и охранялось плохо , кунавинское мещанство смотрело на него как на свое , собирало валежник , рубило сухостой , не брезгуя при случае и живым деревом . 	这些森林都是舒瓦洛夫伯爵家的产业，可是保护得不好，库纳维诺区的小市民把它当作自己的所有，他们捡枯枝，伐枯树，有机会时，对好树也不放过。	Шувалову	舒瓦洛夫				舒瓦洛夫
352	v_lyudiakh.xml	706	 Эх , Лексей , не доведется тебе видеть - испытать , что мною испытано ! 	唉，列克谢，我经历过的事，你是见不到的了！	Лексей	列克谢		列克谢		
353	v_lyudiakh.xml	707	 На Оке леса — от Касимова до Мурома , али — за Волгой лес , до Урала идет , да ! Всё это безмерно и пречудесно ... 	奥卡河上的大森林，从卡西莫夫一直延伸到穆罗姆，另一头越过伏尔加河一直延到乌拉尔，大极了，真是无边无际……”	Касимова	奥卡_卡西莫夫_穆罗姆_乌拉尔	伏尔加河_乌拉尔	奥卡河_卡西莫夫_穆罗姆_伏尔加河_乌拉尔	奥卡河_卡西莫夫_穆罗姆_伏尔加河_乌拉尔	奥卡河_卡西莫夫_穆罗姆_伏尔加河_乌拉尔
354	v_lyudiakh.xml	709	 — Вели мы из Саратова расшиву с маслом к Макарию на ярмарку , и был у нас приказчик Кирилло , из Пуреха , а водоливом — татарин касимовский , Асаф , что ли ... 	“我们撑一条运油的大帆船，从萨拉托夫开到马卡里去赶集，管事的叫基里洛，是普列赫人；船工长是卡西莫夫的鞑靼人，好象叫阿萨夫……	Саратова_Макарию_Кирилло_Пуреха_Асаф	萨拉托夫_马卡里_基里洛_普列赫_卡西莫夫_阿萨夫	萨拉托夫_卡西莫夫_阿萨夫	萨拉托夫_卡西莫夫	萨拉托夫_基里洛_普列赫人_卡西莫夫_阿萨夫	萨拉托夫_卡西莫夫
355	v_lyudiakh.xml	710	 Дошли до Жигуля , а хватил ветер верховой в глаза нам — выбились из силушки , встали на мертвую , закачались , — сошли на берег кашу варить . 	船开到日古利，上游的风迎面吹来，气力使尽了，我们就下了锚，晃动起来了。我们上岸烧饭吃。	Жигуля	日古利	日古利		日古利	日古利
356	v_lyudiakh.xml	714	 Под вечер Кирилло наш — суровый был мужик и в летах — встал на ноги , шапку снял да и говорит : « Ну , ребята , я вам боле не начальник , не слуга , идите — сами , а я в леса отойду ! 	到了傍晚时候，我们那个基里洛（这个人很厉害，已经上了年纪）站起来，脱掉帽子，说道：‘嗨，小伙子们，我不再当你们的头儿了，也不当你们的仆人啦。你们各自听便吧，我要到森林里去了！’	Кирилло	基里洛			基里洛	基里洛
357	v_lyudiakh.xml	759	 — Поп говорил , что божья матерь родилась от Иоакима и Анны . 	“神父说，圣母是亚基姆和安娜生的。”	Иоакима_Анны	亚基姆_安娜	亚基姆	安娜	亚基姆_安娜	安娜
358	v_lyudiakh.xml	760	 — Марья Якимовна , значит ? 	“那么，她叫马利亚·亚基莫芙娜吗？”	Марья_Якимовна	马利亚_亚基莫芙娜		马利亚	马利亚	马利亚_亚基莫芙娜
359	v_lyudiakh.xml	796	 Незадолго перед этим Валёк отравил мою собаку , мне очень захотелось приманить эту , новую . Я выбежал на тропу , собака странно изогнулась , не ворочая шеей , взглянула на меня зеленым взглядом голодных глаз и прыгнула в лес , поджав хвост . 	我的那条狗，不久以前被瓦廖克毒死了，我很想把这条新狗弄到手，我跑到小路上去。狗脖子低着不动，奇怪地弓起身子，把饥饿的绿眼睛向我瞟了一眼，夹着尾巴逃进森林里去了。	Валёк	瓦廖克			瓦廖克	瓦廖克
360	v_lyudiakh.xml	817	 Я очень окреп за лето и одичал в лесу , утратив интерес к жизни сверстников , к Людмиле , — она казалась мне скучно - умной ... 	这一个夏天我老在森林里活动，身子变得强壮，性子也变野了，对年纪相仿的同伴们的生活和柳德米拉，都失掉了兴趣，在我看来，她只是一个没有趣味的聪明人……	Людмиле	柳德米拉		柳德米拉	柳德米拉	
361	v_lyudiakh.xml	820	 — К сестре твоей Матрене , к сыну ее ... 	“你妹子马特廖娜那儿，她儿子的家里……”	Матрене	马特廖娜	马特廖娜		马特廖娜	
362	v_lyudiakh.xml	847	 Хозяина моего я знаю , он бывал в гостях у матери моей вместе с братом своим , который смешно пищал : — Андрей - папа́ , Андрей - папа́ . 	这家的主人我是认识的，他跟他兄弟两人，从前常到我母亲那里做客。那位兄弟，嗓子细得非常可笑，老叫着：“安德烈爸爸，安德烈爸爸。”	Андрей_Андрей	安德烈_安德烈	安德烈	安德烈_安德烈	安德烈_安德烈	安德烈_安德烈
363	v_lyudiakh.xml	848	 Они оба такие же , как были : старший , горбоносый , с длинными волосами , приятен и , кажется , добрый , младший , Виктор , остался с тем же лошадиным лицом и в таких же веснушках . 	他们还是以前的老样子，哥哥长着钩鼻子，长头发，神气和善，令人见了愉快。兄弟维克托依旧是那张马脸，长满雀斑。	Виктор	维克托	维克托	维克托	维克托	维克托
364	v_lyudiakh.xml	906	 Или : — Ты , Вася , женат , можно и не петь о девицах , к чему это ? 	或是说：“瓦夏，你已经娶了老婆，用不着再唱姑娘、姑娘的，这是干什么呀？	Вася	瓦夏		瓦夏	瓦夏	瓦夏
365	v_lyudiakh.xml	921	 И открой глаза сыну моему , — на нее открой и на Викторушку ! 	还有我的儿子，请您把他的眼睛打开来，看看她，看看维克托鲁什卡！	Викторушку	维克托鲁什卡			维克托鲁什卡	维克托鲁什卡
366	v_lyudiakh.xml	922	 Господи , помоги Викторушке , подай ему милостей твоих ... 	上帝，您保佑维克托鲁什卡，把您的恩惠赐给他……”	Викторушке	维克托鲁什卡			维克托鲁什卡	维克托鲁什卡
367	v_lyudiakh.xml	951	 Мать выла плачевно : — Бог тебя прости , Василий , только — помяни мое слово — испортишь ты мальчишку ! 	他母亲抽抽噎噎地说：“瓦西里，求上帝饶恕你，可是你好好记着我的话，——你会把孩子惯坏的！”	Василий	瓦西里	瓦西里	瓦西里	瓦西里	瓦西里
368	v_lyudiakh.xml	1018	 — Господи ... Илья пророк ... Великомученица Варвара ... сохрани нечаянныя смерти .. 	“主啊……伊利亚先知啊……女殉教者瓦尔瓦拉……保佑我，不要让我暴死……”	Илья_Варвара	伊利亚_瓦尔瓦拉	瓦尔瓦拉	伊利亚	瓦尔瓦拉	伊利亚_瓦尔瓦拉
369	v_lyudiakh.xml	1039	 — Из-за Евы все люди в ад идут , на-ка вот ! 	“就是为了夏娃的缘故，害得世人都要下地狱，你瞧瞧！”	Евы	夏娃		夏娃	夏娃	夏娃
370	v_lyudiakh.xml	1077	 Кругом было так много жестокого озорства , грязного бесстыдства — неизмеримо больше , чем на улицах Кунавина , обильного « публичными домами », « гулящими » девицами . 	在我的周围，有很多残忍的恶作剧和卑鄙龌龊的行为。它们比起库纳维诺街上那不计其数的“青楼”和“游女”还要多得不可计数。	Кунавина	库纳维诺			库纳维诺街	
371	v_lyudiakh.xml	1083	 — А , это ты , Акулина , — небрежно и холодно встречала бабушку моя хозяйка . 	“啊唷，是你呀，阿库林娜，”主人满不在意地、冷冰冰地接待着外祖母。	Акулина	阿库林娜	阿库林娜		阿库林娜	
372	v_lyudiakh.xml	1088	 Нередко она злорадно спрашивала сестру : — Что , Акулина , нищенкой живешь ? 	她常常幸灾乐祸地问她姐姐：“怎么样，阿库林娜，仍旧过着叫化子一样的日子吗？”	Акулина	阿库林娜	阿库林娜		阿库林娜	
373	v_lyudiakh.xml	1103	 Старичок Каширин дышит ? 	卡希林他老人家好吗？”	Каширин	卡希林	卡希林	卡希林	卡希林	卡希林
374	v_lyudiakh.xml	1108	 Иногда он вспоминал мою мать : — Да - а , Варвара Васильевна ... Какая женщина была — богатырь , а ? 	谈话中，他也提起我的母亲：“是啊，瓦尔瓦拉·瓦西里耶芙娜……是个多么好的女子——真有点男子汉气魄呀！”	Варвара_Васильевна	瓦尔瓦拉_瓦西里耶芙娜	瓦尔瓦拉		瓦尔瓦拉_瓦西里耶芙娜	
375	v_lyudiakh.xml	1119	 — Эх , Олеша , я всё вижу , — отвечает она , глядя на меня с доброй усмешкой на чудесном лице , и мне становится совестно : ну , разумеется , она всё видит , всё знает , знает и то , что живет в моей душе этой минутою . 	“唉，阿廖沙，我全知道，”她那非常好看的脸上显出和蔼的笑容，瞅着我答道。这样一来，我觉得不好意思了。当然她什么都看得出来，什么都明白，甚至也知道我心里现在想什么。	Олеша	阿廖沙	阿廖沙	阿廖沙	阿廖沙	阿廖沙
376	v_lyudiakh.xml	1122	 А сын , Михаила , Сашу прогнал , поить - кормить надо его . 	还有，我儿子米哈伊尔把萨沙赶出来了，要管他的吃喝。	Михаила_Сашу	米哈伊尔_萨沙	米哈伊尔_萨沙	米哈伊尔_萨沙	米哈伊尔_萨沙	萨沙
377	v_lyudiakh.xml	1134	 Вероятно , это ощущение было вызвано у меня рассказом бабушки о граде Китеже , и часто я , дремотно покачиваясь вместе со всем окружающим , убаюканный пением хора , шорохом молитв , вздохами людей , твердил про себя певучий , грустный рассказ : Обложили окаянные татаровеДа своей поганой силищей , Обложили они славен Китеж - градДа во светлый час , заутренний ... 	我的这种感觉，大概是由于外祖母讲的基捷日城的故事而来的。我常常同周围的人一起迷迷糊糊地摇摆着身子，被唱诗班的歌声、祷告声和人们的叹息声引入梦境，背诵着一首情调悲伤的故事歌：当复活节晨祷的时候，一队可诅咒的鞑靼人，象一大群凶恶的狗拥进了基捷日城里……	Китеже	基捷日	基捷日			基捷日
378	v_lyudiakh.xml	1206	 — У Трех Святителей , у Покрова , у Николы ... 	“三圣教堂、圣母教堂、尼古拉教堂都偷过……”	Николы	尼古拉	尼古拉	尼古拉	尼古拉	尼古拉
379	v_lyudiakh.xml	1283	 Однажды на чердак пришел сам хозяин , осмотрел содеянное мною , вздохнул и сказал : — Забавен ты , Пешков , чёрт тебя возьми ... 	有一天，主人跑上顶楼来，见了我的手艺，感叹道：“彼什科夫，你这小伙子真有趣，活见鬼……	Пешков	彼什科夫			彼什科夫	彼什科夫
380	v_lyudiakh.xml	1329	 За столом около отвода пьют чай повар Смурый , его помощник Яков Иваныч , кухонный посудник Максим и официант для палубных пассажиров Сергей , горбун , со скуластым лицом , изрытым оспой , с маслеными глазами . 	近舱口的桌子上，厨师斯穆雷、他的下手雅科夫·伊凡内奇、洗碗工马克西姆、头等舱茶房谢尔盖那些人，都在喝茶。谢尔盖是个高颧骨、麻子脸的驼子，长着水汪汪的眼睛。	Яков_Иваныч_Максим_Сергей	雅科夫_伊凡内奇_马克西姆_谢尔盖	马克西姆_谢尔盖	雅科夫_马克西姆_谢尔盖	雅科夫_伊凡内奇_马克西姆_谢尔盖	雅科夫_伊凡内奇_马克西姆_谢尔盖
381	v_lyudiakh.xml	1338	 — Бабу надо уметь накалить , — учит он Сергея и Максима , они слушают его внимательно и надуваются , краснеют . 	“要善于使女人动情，”他教谢尔盖跟马克西姆说。谢尔盖和马克西姆两个，鼓起两腮，红热着脸，出神地听着他讲。	Сергея_Максима	谢尔盖_马克西姆	马克西姆_谢尔盖	马克西姆_谢尔盖	马克西姆_谢尔盖	马克西姆
382	v_lyudiakh.xml	1440	 Отнял у меня книгу , принес от капитанши другую и угрюмо приказал : — Читай Тараса ... как его ? Найди . Она говорит — хорошо ... 	他从我手里把书夺过去，跑到船长太太那儿，另拿了一本来，不大高兴地命令我道：“你念《塔拉斯》……他姓什么来着？你找出来，她说这是一本顶好的书……	Тараса	塔拉斯	塔拉斯	塔拉斯	塔拉斯	塔拉斯
383	v_lyudiakh.xml	1443	 Когда Тарас вызвал Остапа драться , повар густо засмеялся : — Это — так ! А что ж ? 	当我念到塔拉斯向奥斯达普挑战那一段的时候，厨师大笑起来。“对啦，可不是嘛！	Тарас_Остапа	塔拉斯_奥斯达普	塔拉斯	塔拉斯	塔拉斯_奥斯达普	塔拉斯_奥斯达普
384	v_lyudiakh.xml	1451	 Измена Андрия вызвала у него отвращение . 	安德烈的倒戈，又引起他的憎恶。	Андрия	安德烈	安德烈	安德烈	安德烈	安德烈
385	v_lyudiakh.xml	1536	 Но плакать — стыдно , и я стал помогать матросу Бляхину мыть палубу . 	但是哭出来太难为情，我就帮水手布利亚欣洗甲板。	Бляхину	布利亚欣				布利亚欣
386	v_lyudiakh.xml	1537	 Это был незаметный человечек , Бляхин . Весь какой-то линючий , блеклый , он всё прятался по углам , поблескивая оттуда маленькими глазками . 	这布利亚欣是个不引人注目的汉子，整个身子显得萎靡而黯淡，老是躲在角落里，眨巴着那双小眼睛。	Бляхин	布利亚欣			布利亚欣	布利亚欣
387	v_lyudiakh.xml	1667	 Палуба сразу заволоклась белым облаком пара , он густо поднимался из машинного трюма , курился во всех щелях , кто-то невидимый кричал оглушительно : — Гаврило , сурик , войлок ... 	甲板马上笼罩上白色的雾气。蒸气从机器间里浓浓的冒出来，弥漫到所有的空隙。只听见有人刺耳的大叫，可瞧不见人影：“加夫里洛，把焊镴拿来，还有防火布……”	Гаврило	加夫里洛		加夫里洛	加夫里洛	加夫里洛
388	v_lyudiakh.xml	1728	 Было неприятно , когда он останавливался у пристани , и я всё ждал — вот случится что-то , и мы поплывем из Камы в Белую , в Вятку , а то — по Волге , я увижу новые берега , города , новых людей . 	顶不痛快的是停泊的时候。我总期待着马上就要发生什么事情。我将从卡马河航到别拉雅河、维亚特卡河去，若是沿伏尔加河航行，则我将看见新的河岸，新的城市，和新的人物。	Камы_Белую_Вятку_Волге	卡马河_别拉雅河_维亚特卡河_伏尔加河	维亚特卡河_伏尔加河	卡马河_别拉雅河_伏尔加河	卡马河_别拉雅河	别拉雅河_伏尔加河
389	v_lyudiakh.xml	1805	 Перед нами раскинулось версты на три скудное дерновое поле , изрезанное оврагами , ограниченное гребнем леса , линией берез Казанского тракта . 	在我们面前，展开一片荒芜的草场，大约有三俄里宽。草场上有几道山沟，尽头是梯子形的树林和喀山公路边的白桦树。	Казанского	喀山		喀山	喀山	喀山
390	v_lyudiakh.xml	1808	 Вдали , направо , стояла красная стена старообрядческого кладбища , его звали « Бугровский скит », налево , над оврагом , поднималась с поля темная группа деревьев , там — еврейское кладбище . 	右边，远处是旧教派墓地的红墙垣。那墓地叫做“布格罗夫隐修所”。左边山沟上面，有一片黑黝黝的树林，在原野上耸立着，那儿有一片犹太人的墓地。	Бугровский	布格罗夫隐修所				
391	v_lyudiakh.xml	1839	 Бог - от , чай , прислушается к вечерним голосам да и усмехнется : опять Василий Каширин бубнит !.. 	上帝每天晚上听见他这声音，一定会笑起来：瓦西里·卡希林又在那里叽哩咕噜了！……	Василий_Каширин	瓦西里_卡希林	卡希林	瓦西里_卡希林	瓦西里_卡希林	瓦西里_卡希林
392	v_lyudiakh.xml	1886	 В деревне Фокиной сторож подружился со мной и всё ахал : — Опять идешь ? 	有个福基纳村的更夫，跟我交了朋友，每次碰到，他总是惊叹：“又是你来了？	Фокиной	福基纳			福基纳村	福基纳村
393	v_lyudiakh.xml	1976	 Вдруг он встал , словно уколотый , неверно — низко на лоб — надел фуражку , пришлепнул ее ладонью и , не застегиваясь , пошел к двери , женщина тоже поднялась , сказав трактирщику : — Мы сейчас воротимся , Кузьмич ... 	他象是被什么东西刺了一下，突然站起来，胡乱地戴上军帽（几乎盖住了眼睛）用手掌拍了拍它；也不扣上衣服，就向门口走去。女的也就站起来，对酒店主说：“我们马上就回来，库兹米奇……”	Кузьмич	库兹米奇	库兹米奇		库兹米奇	
394	v_lyudiakh.xml	2039	 — На Печорке татарин помер , так душа у него горлом излилась , черная , как деготь ! 	“佩切尔街上死了一个鞑靼人，咽喉里流出了黑色的灵魂，黑得跟焦油一般。”	Печорке	佩切尔			佩切尔街	佩切尔
395	v_lyudiakh.xml	2060	 Жандармский ключ бежал по дну глубокого оврага , спускаясь к Оке , овраг отрезал от города поле , названное именем древнего бога — Ярило . 	“宪兵泉”顺着一条深沟流入奥卡河。这条深沟把用古代神灵雅里洛为名的原野和这边的城市隔开。	Ока_Ярило	奥卡河_雅里洛	奥卡河	奥卡河_雅里洛	奥卡河	奥卡河_雅里洛
396	v_lyudiakh.xml	2066	 Лучше всех рассказывала Наталья Козловская , женщина лет за тридцать , свежая , крепкая , с насмешливыми глазами , с каким-то особенно гибким и острым языком . 	最健谈的一个，叫纳塔利娅·科兹洛夫斯卡娅，三十多岁，是一个很有朝气的结实的妇人，眼睛里含着一种嘲笑，说话特别的尖刻。	Наталья_Козловская	纳塔利娅_科兹洛夫斯卡娅	纳塔利娅		科兹洛夫斯卡娅	纳塔利娅_科兹洛夫斯卡娅
397	v_lyudiakh.xml	2098	 Сидоров , тощий и костлявый туляк , был всегда печален , говорил тихонько , кашлял осторожно , глаза его пугливо горели , он очень любил смотреть в темные углы , рассказывает ли что-нибудь вполголоса , или сидит молча , но всегда смотрит в тот угол , где темнее . 	西多罗夫出生在图拉，瘦个子，老是显出伤心的样子，说话低声细气，咳嗽起来小心谨慎，眼睛畏怯地闪着。他最喜欢向暗角落里呆瞧，无论在小声地说着什么，还是在默默坐着，总是呆瞧着最黑暗的角落。	Сидоров	西多罗夫	西多罗夫		西多罗夫	西多罗夫
398	v_lyudiakh.xml	2164	 — Дура несчастная , кривуля , — говорил Ермохин басом , а Сидоров тихонько поддерживал его : — Всякая баба хочет , чтоб ее обманули . Она всё знает ... 	“倒霉的傻婆娘，瘸腿娘儿们，”叶尔莫欣粗声地说。西多罗夫低声附和着：“每个女人都喜欢人家去骗她，她心里什么都知道……”	Ермохин_Сидоров	叶尔莫欣_西多罗夫	西多罗夫	叶尔莫欣	叶尔莫欣_西多罗夫	叶尔莫欣_西多罗夫
399	v_lyudiakh.xml	2233	 Тут Аракчеев - генерал изловил их на деле да , не взирая на чины - звания , — всех в Сибирь в каторгу , там они и исхизли , подобно тле ... 	阿拉克切耶夫将军把他们当场捉住，也不管他们的官职爵位，全都送到西伯利亚去做苦工。他们在那儿跟芋艿虫似地自行消灭了……”	Аракчеев	阿拉克切耶夫_西伯利亚	阿拉克切耶夫_西伯利亚	西伯利亚	阿拉克切耶夫_西伯利亚	西伯利亚
400	v_lyudiakh.xml	2279	 « Стрельцы », « Юрий Милославский », « Таинственный монах », « Япанча , татарский наездник » и подобные книги нравились мне больше — от них что-то оставалось , но еще более меня увлекали жития святых — здесь было что-то серьезное , чему верилось и что порою глубоко волновало . 	《射击军》、《尤里·米洛斯拉夫斯基》、《神秘的修道士》、《鞑靼骑士亚潘卡》那样的书，我比较喜欢些；读了之后，还有点余味。但是最能够吸引我的是圣徒传；在这类书中，有一种严肃的东西，可以使人相信，而且有时受到深刻的感动。	Юрий_Милославский_Япанча	尤里_米洛斯拉夫斯基_亚潘卡		尤里	尤里_米洛斯拉夫斯基_亚潘卡	尤里_亚潘卡
401	v_lyudiakh.xml	2319	 Нередко в « Московском листке » встречаются стихи Леонида Граве , мне они очень нравятся , я списываю некоторые из них в тетрадку , но хозяева говорят о поэте : — Старик ведь , а стихи сочиняет . 	有时《莫斯科报》上登着列昂尼德·布拉韦的诗。我很喜欢这些诗，把它们抄在本子上。但主人们谈起诗人的时候，便说：“人都老了，还作诗呢。”	Леонида_Граве	列昂尼德_布拉韦	布拉韦		列昂尼德_布拉韦	列昂尼德_布拉韦
402	v_lyudiakh.xml	2361	 Мне кажется , что полковому священнику Соловьеву должно быть известно — что такое гунны и , поймав его на дворе , я спрашиваю . 	我觉得团队里的牧师索洛维约夫一定会知道匈奴是什么，我在院子里碰到了他，就拉住他问。	Соловьеву	索洛维约夫	索洛维约夫		索洛维约夫	
403	v_lyudiakh.xml	2363	 Поручик Нестеров на мой вопрос свирепо ответил : — Что - о ? 	涅斯捷罗夫中尉恶狠狠地回答说：“你说什么？”	Нестеров	涅斯捷罗夫	涅斯捷罗夫		涅斯捷罗夫	
404	v_lyudiakh.xml	2637	 Если б я был Скобелевым , я снова объявил бы войну туркам , а победив , ваял бы выкуп , построил бы на Откосе — лучшем месте города — дом и подарил бы ей , — пусть только она уедет из этой улицы , из этого дома , где все говорят про нее обидно и гадко . 	如果我是斯科别列夫，一定跟土耳其再开一次战，收了赔款，在城中最好的地方奥特科斯造一所房子送给她，叫她离开这条街，离开这所房子，这里大家都说她的坏话，造肮脏的谣言。	Скобелевым	斯科别列夫	斯科别列夫		斯科别列夫	
405	v_lyudiakh.xml	2706	 Я уже прочитал « Семейную хронику » Аксакова , славную русскую поэму « В лесах », удивительные « Записки охотника », несколько томиков Гребенки и Соллогуба , стихи Веневитинова , Одоевского , Тютчева . 	我已读了阿克萨科夫的《家庭纪事》，书名叫《林中》的出色的俄国诗集，以及极著名的《猎人笔记》，此外还读了几卷格列比翁卡、索罗古勃的作品和韦涅维季诺夫、奥陀耶夫斯基、丘特切夫的诗集。	Аксакова_Соллогуба_Веневитинова_Одоевского_Тютчева	阿克萨科夫_索罗古勃_韦涅维季诺夫_奥陀耶夫斯基_丘特切夫	韦涅维季诺夫	索罗古勃	阿克萨科夫_索罗古勃_韦涅维季诺夫_奥陀耶夫斯基_丘特切夫	韦涅维季诺夫_奥陀耶夫斯基_丘特切夫
