label_zh	label_ru	translit	stress	stressed_syl	tone
奥涅加	онега	àonièjiā	Э	niè	4
奥特拉德诺耶	отрадное	àotèlādénuòyē	А	lā	1
贝加尔	байкал	bèijiāěr	А	jiā	1
拉多加	ладога	lāduōjiā	А	lā	1
伏尔加	волга	fúěrjiā	О	fú	2
普斯科夫	псков-	pǔsīkēfū	О	kē	1
列佩利	лепель-	lièpèilì	Э	liè	4
哈桑	хасан	hāsāng	А	sāng	1
谢利格尔	селигер	xièlìgéěr	Э	gé	2
拉马	лама	lāmǎ	А	lā	1
泰梅尔	таймыр	tàiméiěr	Ы	méi	2
加利	галь-	jiālì	А	jiā	1
加里	гарь	jiālǐ	А	jiā	1
孔德	конд-	kǒngdé	О	kǒng	3
苏姆	сум-	sūmǔ	У	sū	1
乌尔	ур-	wūěr	У	wū	1
克柳奇	ключи	kèliǔqí	И	qí	2
休奇耶	щучье	xiūqíyē	У	xiū	1
古比雪夫	куйбышев-	gǔbǐxuěfū	У	gǔ	3
沙尔	шар	shāěr	А	shā	1
车臣	чечЕнь	chēchén	Э	chén	2
乌什	уш	wūshí	У	wū	1
苏霍伊	сухой	sūhuòyī	О	huò	4
彼得格勒	петроград-	bǐdégélè	А	lè	4
施密特	шмидт-	shīmìtè	И	mì	4
海斯	хейс-	hǎisī	Э	hǎi	3
哈雷	харли	hāléi	А	hā	1
费尔斯曼	ферсман-	fèiěrsīmàn	Э	fèi	4
乌沙科夫	ушаков-	wūshākēfū	О	kē	1
索尔兹伯里	солсбери	suǒěrzībólǐ	О	suǒ	3
索洛维约夫	соловьЁв-	suǒluòwéiyuēfū	О	yuē	1
鲁道夫	рудольф-	lǔdàofū	О	dào	4
罗伯逊	робертсон-	luóbóxùn	О	luó	2
波波夫	попов-	bōbōfū	О	bō	1
牛顿	ньютон-	niúdùn	О	dùn	4
南森	нансен-	nánsēn	А	nán	2
拉夫罗夫	лавров-	lāfūluófū	О	luó	2
库恩	кун-	kùēn	У	kù	4
高尔察克	колчак-	gāoěrchákè	А	chá	2
约翰	ион-	yuēhàn	О	hàn	4
伊万诺夫	иванов-	yīwànnuòfū	О	nuò	4
迪克	дик-	díkè	И	dí	2
杰斐逊	джефферсон-	jiéfěixùn	Э	jié	2
杰克逊	джексон-	jiékèxùn	Э	jié	2
戴维	давид-	dàiwéi	И	wéi	2
霍夫曼	гофман-	huòfūmàn	О	huò	4
霍尔	галль-	huòěr	А	huò	4
弗兰格尔	врангель-	fúlángéěr	А	lán	2
白令	беринг-	báilìng	Э	bái	2
贝克尔	беккер-	bèikèěr	Э	bèi	4
安德烈耶夫	андреев-	āndélièyēfū	Э	liè	4
阿德莱德	аделаида	ādéláidé	И	lái	2
新西伯利亚	новая сибирь	xīnxībólìyà	И	bó	2
马卡尔	макар	mǎkǎěr	А	kǎ	3
科穆纳尔	коммунар	kēmùnàěr	А	nà	4
克林	клин	kèlín	И	ín	2
基	кий	jī	И	jī	1
迪克森	диксон	díkèsēn	И	dí	2
戴维斯	дауэс	dàiwéisī	А	dài	4
维多利亚	виктория	wéiduōlìyà	О	duō	1
瓦西里	васильевский	wǎxīlǐ	И	xī	1
布扬	буян	bùyáng	А	yáng	2
布尔什维克	большевик	bùěrshíwéikè	И	wéi	2
别雷	белый	biéléi	Э	bié	2
贝尔	белл	bèiěr	Э	bèi	4
第聂伯	днепр	dìnièbó	Э	niè	4
通古斯	подкаменная тунгуска	tōnggǔsī	У	gǔ	3
阿纳德尔	анАдырь	ānàdéěr	А	nà	4
卢加	луга	lújiā	У	lú	2
沃尔霍夫	вОлхов	wòěrhuòfū	О	wò	4
皮萨	писса	písà	И	pí	2
维京	витим	wéijīng	И	jīng	1
沃洛格达	вологда	wòluògēdá	О	wò	4
库尔	кур	kùěr	У	kù	4
额尔古纳	аргунь	éěrgǔnà	У	gǔ	3
鄂毕	обь	èbì	О	è	4
顿	дон	dùn	О	dùn	4
纳德姆	надым	nàdémǔ	Ы	dé	2
伯朝拉	печора	bócháolā	О	cháo	2
库班	кубань	kùbān	А	bān	1
捷列克	тЕрек	jiélièkè	Э	jié	2
乌拉尔	урал	wūlāěr	А	lā	1
叶尼塞	енисей	yènísāi	Э	sāi	1
普尔	пур	pǔěr	У	pǔ	3
涅瓦	нева	nièwǎ	Э	niè	4
图们	туман-	túmén	А	mén	2
阿巴坎	абакан	ābākǎn	А	kǎn	3
卡马	кама	kǎmǎ	А	kǎ	3
梅津	мезЕнь	méijīn	Э	méi	2
乌苏里	уссУри	wūsūlǐ	У	sū	1
结雅	зЕя	jiēyǎ	Э	jiē	1
乌法	уфа	wūfǎ	А	fǎ	3
阿尔丹	алдАн	āěrdān	А	dān	1
塔夫达	тавдА	tǎfūdá	А	dá	2
伊希姆	ишИм	yīxīmǔ	И	xī	1
丘雷姆	чулым	qiūléimǔ	Ы	léi	2
维亚特卡	вятка	wéiyàtèkǎ	А	yà	4
石勒喀	шилка	shílèkā	И	shí	2
尤留赞	юрюзань	yóuliúzàn	А	zàn	4
布伊	буй	bùyī	У	bù	4
堪察加	камчатка	kānchájiā	А	chá	2
额尔齐斯	иртыш	éěrqísī	Ы	qí	2
乌赫塔	ухта	wūhètǎ	А	tǎ	3
普里皮亚季	припять	pǔlǐpíyàjì	И	lǐ	3
亚赫罗马	яхрома	yàhèluómǎ	А	yà	4
莫斯科	москва	mòsīkē	А	kē	1
安加拉	ангара	ānjiālā	А	lā	1
库马	кума	kùmǎ	А	mǎ	3
拉巴	лабА	lāba	А	ba	1
舒亚	шуя	shūyà	У	shū	1
米阿斯	миасс	mǐāsī	А	ā	1
萨马拉	самара	sàmǎlā	А	mǎ	3
别拉亚	белая	biélāyà	Э	bié	2
阿尔东	ардон	āěrdōng	О	dōng	1
布祖卢克	бузулУк	bùzǔlúkè	У	lú	2
巴克桑	баксАн	bākèsāng	А	sāng	1
丘赫洛马	чУхлома-	qiūhèluòmǎ	У	qiū	1
克拉斯诺耶	красное	kèlāsīnuòyē	А	lā	1
瓦尔代	валдай-	wǎěrdài	А	dài	4
米亚杰尔	мядель	mǐyàjiéěr	А	yà	4
乌多姆利亚	удомля	wūduōmǔlìyà	О	duō	1
巴尔古津	баргузин	bāěrgǔjīn	И	jīn	1
图拉	тура	túlā	А	lā	1
坎	кан	kǎn	А	kǎn	3
尼布楚	нерча	níbùchǔ	А	chǔ	3
卡拉苏克	карасук	kǎlāsūkè	У	sū	1
卡通	катунь	kǎtōng	У	tōng	1
布列亚	бурея	bùlièyà	А	yà	4
塔塔	тАтта	tǎtǎ	А	tǎ	3
哈尔科夫	харьков	hāěrkēfū	А	hā	1
沃罗涅日	воронеж	wòluónièrì	О	luó	2
普拉	пра	pǔlā	А	lā	1
阿拉特里	алАтырь	àlatèlǐ	А	lā	1
沃尔马	волма	wùěrmǎ	О	wù	4
托斯诺	тосна	tuōsīnuò	О	tuō	1
卡斯	кас	kǎsī	А	kǎ	3
瓦盖	вагАй	wǎgài	А	gài	4
蒂萨河	тисса	dìsàhé	А	sà	4
梅拉	мера	méilā	Э	méi	2
比亚	бия	bǐyà	И	bǐ	3
科斯特罗马	кострома	kēsītèluómǎ	А	mǎ	3
博尔贾	борзя	bóěrjiǎ	О	bó	2
雄	сюнь	xióng	У	xióng	2
涅亚	нея	nièyà	Э	niè	4
因萨尔	инсар	yīnsàěr	А	sà	4
普肖尔	псёл	pǔxiàoěr	О	xiào	4
谢廖扎	серёжа	xièliàozhà	О	liào	4
吉达	джида	jídá	А	dá	2
阿巴	абА	ābā	А	bā	1
古西	гусь	gǔxī	У	gǔ	3
科拉	кола	kēlā	О	kē	1
卢扎	луза	lúzā	У	lú	2
巴雷什	барыш	bāléishí	Ы	léi	2
科恩	кемь	kēēn	Э	kē	1
厄	ы	è	Ы	è	4
奥廖尔	олёр	àoliáoěr	О	liáo	2
斯维斯洛奇	свислочь	sīwéisīluòqí	И	wéi	2
伊斯特拉	истра	yīsītèlā	И	yī	1
维亚济马	вязьма	wéiyàjìmǎ	А	yà	4
萨尔	сал	sàěr	А	sà	4
捷里别尔卡	териберка	jiélǐbiéěrkǎ	И	lǐ	3
日兹德拉	жиздра	rìzīdélā	Ы	rì	4
苏多格达	судогда	sūduōgédá	У	sū	1
索奇	сочи	suǒqí	О	suǒ	3
塔吉尔	тагил	tǎjíěr	И	jí	2
列日	реж	lièrì	Э	liè	4
密尔	мир	mìěr	И	mì	4
沙赫乔尔斯克	шахтёрск	shāhèqiáoěrsīkè	О	qiáo	2
基日	кижи	jīrì	Ы	rì	4
维捷格拉	вытегра	wéijiégélā	Ы	wéi	2
博代博	бодайбО	bódàibó	О	bó	2
布尔	бур	bùěr	У	bù	4
捷别尔达	теберда	jiébiéěrdá	А	dá	2
乌斯	ус	wūsī	У	wū	1
艾达尔	айдар	yìdáěr	А	dá	2
卡缅卡	каменка	kǎmiǎnkǎ	А	kǎ	3
伊尔库茨克	иркутск-	yīěrkùcìkè	У	kù	4
弗拉基米尔	владимир-	fúlājīmǐěr	И	jī	1
阿列克谢耶夫卡	алексеевка	ālièkèxièyēfūkǎ	Э	xiè	4
亚历山德罗夫斯克	александровск	yàlìshāndéluófūsīkè	А	shān	1
亚历山德罗夫卡	александровка	yàlìshāndéluófūkǎ	А	shān	1
库皮诺	купино	kùpínuò	У	kù	4
沃罗诺沃	вороново-	wòluònuòwò	О	wò	4
扎列西耶	залесье-	zālièxīyē	Э	liè	4
尼古拉	никола-	nígǔlā	О	gǔ	3
乌斯秋日纳	Устюжна-	wūsīqiūrìnà	У	qiū	1
科比	кобь-	kēbǐ	О	kē	1
科兹洛夫卡	козловка-	kēzīluòfūkǎ	О	luò	4
别列兹尼基	березникИ-	biélièzīníjì	И	jì	4
古兰	гуран-	gǔlán	А	lán	2
佩图什基	петушки-	pèitúshíjī	И	jī	1
戈罗季谢	городище-	gēluójìxiè	И	jì	4
克拉萨维诺	красавино-	kèlāsàwéinuò	А	sà	4
尼科利斯克	никольск-	níkēlìsīkè	О	kē	1
捷尔任斯基	дзержинский-	jiéěrrènsījī	Ы	rèn	4
捷尔任斯克	дзержинск-	jiéěrrènsīkè	Ы	rèn	4
杰米多夫	демидов-	jiémǐduōfū	И	mǐ	3
米尔内	мирный-	mǐěrnèi	И	mǐ	3
斯莫列维奇	смолевичи-	sīmòlièwéiqí	Э	liè	4
普里莫尔斯克	приморск-	pǔlǐmòěrsīkè	О	mò	4
哈罗夫斯克	харовск-	hāluofūsīkè	А	hā	1
索斯诺夫卡	сосновка-	suǒsīnuòfūkǎ	О	nuò	4
米哈伊洛夫卡	михайловка-	mǐhāyīluòfūkǎ	А	hā	1
特罗伊茨克	троицк-	tèluóyīcíkè	О	luó	2
乌斯曼	усмань-	wūsīmàn	У	wū	1
切列姆霍沃	черемхОво-	qiēlièmǔhuòwò	О	huò	4
西伯利亚	сибирь	xībólìyà	И	bó	2
帕尼诺	панино-	pànínuò	А	pà	4
普希金诺	пушкино-	pǔxījīnnuò	У	pǔ	3
列奇察	речица-	lièqíchá	Э	liè	4
莫斯科夫斯基	московский-	mòsīkēfūsījī	О	kē	1
基尔扎奇	киржач	jīěrzhāqí	А	zhā	1
维特	вить	wéitè	И	wéi	2
希洛克	хилок	xīluòkè	О	luò	4
鲁扎	руза	lǔzā	У	lǔ	3
伊尔比特	ирбИт	yīěrbǐtè	И	bǐ	3
布拉	була	bùlā	А	lā	1
雷西瓦	лысьва	léixīwǎ	Ы	léi	2
赤塔	чита	chìtǎ	А	tǎ	3
卡尔加特	каргАт	kǎěrjiātè	А	jiā	1
乌拉	улла	wūlā	У	wū	1
杜布纳	дубна	dùbùnà	А	nà	4
瑟乔夫卡	сычёвка-	sèqiáofūkǎ	О	qiáo	2
谢利措	сельцо-	xièlìcuò	О	cuò	4
谢米卢基	семилуки-	xièmǐlújī	У	lú	2
斯图皮诺	ступино-	sītúpínuò	У	tú	2
胡日尔	хужир-	húrìěr	Ы	rì	4
维捷布斯克	витебск-	wéijiébùsīkè	И	wéi	4
格罗杰科沃	гродеково-	géluójiékēwò	Э	jié	4
锡安	сиан-	xīān	А	ān	1
阿斯特拉罕	астрахань-	āsītèlāhǎn	А	ā	1
赖奇欣斯克	райчИхинск-	làiqíxīnsīkè	И	qí	2
安东诺夫卡	антоновка-	āndōngnuòfūkǎ	О	dōng	1
梅德韦杰夫	медведев-	méidéwéijiéfū	Э	wéi	2
奥利亚	оля-	àolìyà	О	ào	4
扎里亚	заря-	zālǐyà	А	yà	4
罗姆内	ромны-	luómǔnèi	О	luó	2
伊萨	иса-	yīsà	И	yī	1
安东诺夫	антонов-	āndōngnuòfū	О	dōng	1
阿克赛	аксай-	ākèsài	А	sài	4
阿穆尔泽特	амурзет-	āmùěrzétè	Э	zé	2
沃尔库塔	воркута	wòěrkùtǎ	А	tǎ	3
乌恰	уча	wūqià	А	qià	4
察察	цацА-	cháchá	А	chá	2
苏维埃茨基	советский-	sūwéiāicíjī	Э	wéi	2
沙金	шакин-	shājìn	А	shā	1
彼得罗夫斯基	петровский-	bǐdéluófūsījī	О	luó	2
巴巴耶沃	бабаево-	bābāyēwò	А	bā	1
伏尔加格勒	волгоград	fúěrjiāgēlè	А	lè	4
乔伊斯	чойский	qiáoyīsī	О	qiáo	2
索宾卡	собинка-	suǒbīnkǎ	О	suǒ	3
德米特罗夫	дмитров-	démǐtèluófū	И	mǐ	3
别尔哥罗德	белгород-	biéěrgēluódé	Э	bié	2
哈拉巴利	харабали-	hālābālì	И	lì	4
苏维埃	совет	sūwéiāi	Э	wéi	2
弗罗洛沃	фролово-	fúluóluòwò	О	luò	4
扎维京斯克	завитИнск-	zāwéijīngsīkè	И	jīng	1
科罗恰	корОча-	kēluóqià	О	luó	2
亚历山德罗夫	александров-	yàlìshāndéluófū	А	shān	1
格赖沃龙	грайворон-	gélàiwòlóng	А	lài	4
卡梅贾克	камызЯк-	kǎméijiǎkè	А	jiǎ	3
连斯克	ленск-	liánsīkè	Э	lián	2
切列波韦茨	череповец-ы	qiēlièbōwéicí	Э	wéi	2
巴赫奇萨赖	бахчисарай-	bāhèqísàlài	А	lài	4
加夫里洛夫镇	гаврилов посад-	jiāfūlǐluòfūzhèn	И	lǐ	3
新奥斯科尔	новый оскол	xīnàosīkēěr	О	kē	1
斯柳江卡	слюдЯнка-	sīliǔjiāngkǎ	А	jiāng	1
特鲁布切夫斯克	трубчевск-	tèlǔbùqièfūsīkè	Э	qiè	4
谢夫斯克	севск-	xièfūsīkè	Э	xiè	4
契诃夫	чехов-	qìhēfū	Э	qì	4
腾达	тында-	téngdá	Ы	téng	2
阿赫图宾斯克	ахтубинск-	āhètúbīnsīkè	У	tú	2
基廉斯克	киренский	jīliánsīkè	Э	lián	2
拉缅斯科耶	раменск-	lāmiǎnsīkēyē	А	lā	1
别洛戈尔斯克	белогорск-	biéluògēěrsīkè	О	gē	1
普切日	пучеж-	pǔqiērì	У	pǔ	3
科捷利尼科沃	котельниково-	kējiélìníkēwò	Э	jié	2
苏罗维基诺	суровИкино-	sūluówéijīnuò	И	wéi	2
泰舍特	тайшет-	tàishètè	Э	shè	4
博古恰尔	богучар-	bógǔqiàěr	А	qià	4
巴拉克拉瓦	балаклава-	bālākèlāwǎ	А	lā	1
兹伦卡	злынка-	zīlúnkǎ	Ы	lún	2
苏拉日	сураж-	sūlārì	А	lā	1
斯塔罗杜布	стародуб-	sītǎluódùbù	У	dù	4
奎屯	куйтун-	kuítún	У	tún	2
卡拉奇	калач-	kǎlāqí	А	lā	1
科利丘吉诺	кольчугино-	kēlìqiūjínuò	У	qiū	1
波沃里诺	повОрино-	bōwòlǐnuò	О	wò	4
大乌斯秋格	великий устюг	dàwūsīqiūgé	У	wū	1
尤扎	южа-	yóuzhā	У	yóu	2
戈罗杰茨	городец-	gēluójiécí	Э	jié	2
姆格林	мглин-	mǔgélín	И	lín	2
波切普	пОчеп-	bōqiēpǔ	О	bō	1
科洛姆纳	коломна-	kēluòmǔnà	О	luò	4
纳里马诺夫	наримАнов-	nàlǐmǎnuòfū	А	mǎ	3
帕拉索夫卡	палласовка-	pàlāsuǒfūkǎ	А	lā	1
斯科沃罗季诺	сковородинО-	sīkēwòluōjìnuò	О	nuò	4
舍别基诺	шебЕкино-	shěbiéjīnuò	Э	bié	2
基涅什马	кинешма-	jīnièshímǎ	И	jī	1
维丘加	вичуга-	wéiqiūjiā	И	qiū	1
奥斯特罗戈日斯克	острогожск-	àosītèluógērìsīkè	О	gē	1
莫戈恰	могОча-	mògēqià	О	gē	1
乌留平斯克	урюпинск-	wūliúpíngsīkè	У	liú	2
谢别日	сЕбеж-	xièbiérì	Э	xiè	4
切巴尔库尔	чебаркуль	qiēbāěrkùěr	У	kù	4
伊夫杰利	ивдель	yīfūjiélì	И	yī	1
萨基	саки-	sà	А	sà	4
尤里耶韦茨	юрьевец-	yóulǐyēwéicí	У	yóu	2
布拉茨克	братск-	bùlācíkè	А	lā	1
布图尔利诺夫卡	бутурлиновка-	bùtúěrlìnuòfūkǎ	И	lì	4
富尔马诺夫	фурманов-	fùěrmǎnuòfū	У	mǎ	3
乌斯季伊利姆斯克	усть илимск-	wūsījìyīlìmǔsīkè	И	lì	4
安纳	аннино-	ānnà	А	ān	1
阿尔扎马斯	арзамас-	āěrzāmǎsī	А	mǎ	3
苏兹达尔	суздаль-	sūzīdáěr	У	sū	1
谢列霍夫	шЕлехов-	xièlièhuòfū	Э	xiè	4
济马	зима-	jìmǎ	А	mǎ	3
古西赫鲁斯塔利内	гусь хрустальный	gǔxīhèlǔsītǎlìnèi	А	gǔ_tǎ	3_3
乌斯季库特	усть кут	wūsījìkùtè	У	wū_kù	1_4
卡梅什科沃	камешково-	kǎméishíkēwò	А	kǎ	3
科托沃	котово-	kētuōwò	О	kē	1
帕列赫	палех-	pàlièhè	А	pà	4
捷伊科沃	тейково-	jiéyīkēwò	Э	jié	2
托季马	тотьма-	tuōjìmǎ	О	tuō	1
戈罗霍韦茨	гороховец-	gēluóhuòwéicí	Э	wéi	2
克拉斯诺佩列科普斯克	красноперекопск-	kèlāsīnuòpèilièkēpǔsīkè	О	kē	1
辛菲罗波尔	симферополь-	xīnfēiluóbōěr	О	luó	2
日尔诺夫斯克	жирновск-	rìěrnuòfūsīkè	Ы	rì	4
波多利斯克	подольск-	bōduōlìsīkè	О	duō	1
布拉戈维申斯克	благовещенск-	bùlāgēwéishēnsīkè	Э	wéi	2
列宁斯克	ленинск-	lièníngsīkè	Э	liè	4
卡希拉	кашира	kǎxīlā	Ы	xī	1
佳季科沃	дятьково-	jiājìkēwò	А	jiā	1
比罗比詹	биробиджан-	bǐluóbǐzhān	А	zhān	1
博布罗夫	бобров-	bóbùluófū	О	luó	2
科尔萨科夫	корсаков	kēěrsàkēfū	О	kē	1
占科伊	джанкой-	zhànkēyī	О	kē	1
科特拉斯	котлас-	kētèlāsī	О	kē	1
索科尔	сокол-	suǒkēěr	О	suǒ	3
奥萨	оса-	àosà	А	sà	4
巴甫洛夫斯克	павловск-	bāfǔluòfūsīkè	А	bā	1
茹科夫卡	жуковка-	rúkēfūkǎ	У	rú	2
埃尔季利	эртиль-	āiěrjìlì	И	jì	4
布良斯克	брянск-	bùliángsīkè	А	liáng	2
新济布科夫	новозыбков-	xīnjìbùkēfū	Ы	jì	4
列宁	ленин-	lièníng	Э	liè	4
乌涅恰	унеча-	wūnièqià	Э	niè	4
奥布卢奇耶	облучье-	àobùlúqíyē	У	lú	2
伊希姆拜	ишимбай-	yīxīmǔbài	А	bài	4
乌索利耶	усолье-	wūsuǒlìyé	О	suǒ	3
尼古拉耶夫斯克	николаевск-	nígǔlāyēfūsīkè	А	lā	1
新霍皮奥尔斯克	новохопёрск-	xīnhuòpíàoěrsīkè	О	ào	4
莫扎伊斯克	можайск-	mòzhāyīsīkè	А	zhā	1
扎沃尔日斯克	заволжск-	zāwòěrrìsīkè	О	wò	4
普里沃尔日斯克	приволжск-	pǔlǐwòěrrìsīkè	О	wò	4
鲁德尼亚	рудня-	lǔdéníyà	У	lǔ	3
基洛夫斯克	кировск-	jīluòfūsīkè	И	jī	1
托罗佩茨	торОпец-	tuōluōpèicí	О	luō	1
杜博夫卡	дубовка-	dùbófūkǎ	О	bó	2
奥洛涅茨	олОнец-	àoluòniècí	О	luò	4
列斯诺伊	лесной	lièsīnuòyī	О	nuò	4
瓦尼诺	ванино	wǎnínuò	А	wǎ	3
利斯特维扬卡	листвЯнка	lìsītèwéiyángkǎ	А	yáng	2
普列谢茨克	плесецк	pǔlièxiècíkè	Э	xiè	4
鄂霍次克	охотск	àohuòcìkè	О	huò	4
弗拉基米尔·弗拉基米罗维奇·普京	владимир владимирович путин	fúlājīmǐěrfúlājīmǐluówéiqípǔjīng	ИИУ	jī_jī_pǔ	1_1_3
基里尔	кирилл	jīlǐěr	И	lǐ	3
科尔尼洛夫	корниловская	kēěrníluòfū	И	ní	2
克里莫夫	климов	kèlǐmòfū	И	lǐ	3
佩拉格娅	пелагея	pèilāgéyà	Э	gé	2
叶夫根尼·叶夫图申科	евгений евтушенко	yèfūgēnníyèfūtúshēnkē	ЭЭ	gē_shēn	1_1
瓦列里娅	валерия	wǎlièlǐyà	Э	liè	4
卡宾	карпин	kǎbīn	А	kǎ	3
娜塔莉	натали	nàtǎlì	И	lì	4
伊凡	иван	yīfán	А	fán	2
奥克兰	оклан	àokèlán	А	lán	2
涅列赫塔	нерехта	nièlièhètǎ	Э	niè	4
齐赫文	тихвинский	qíhèwén	И	qí	2
托卡列夫	токарев	tuōkǎlièfū	О	tuō	1
斯维拉娜·亚历塞维奇	светлана алексиевич	sīwéilānàyàlìsāiwéiqí	АЭ	lā_sāi	1_1
托尔巴奇克	толбачик	tuōěrbāqíkè	А	bā	1
斯大林	сталин	sīdàlín	А	dà	4
巴甫洛夫	павлов	bāfǔluòfū	А	bā	4
康斯坦丁·乌斯季诺维奇·契尔年科	константин устинович черненко	kāngsītǎndīngwūsījìnuòwéiqíqìěrniánkē	ИИЭ	dīng_jì_nián	1_4_2
卜弼德	будберг	bǔbìdé	У	bǔ	3
阿列克谢·伊万诺维奇·李可夫	алексей иванович рыков	ālièkèxièyīwànnuòwéiqílǐkěfū	ЭАЫ	xiè_wàn_lǐ	4_4_3
波列伏依	полевой	bōlièfúyī	О	fú	2
苏霍姆林斯基	сухомлинский	sūhuòmǔlínsījī	И	lín	2
尼古拉耶夫	николаев	nígǔlāyēfū	А	lā	1
克鲁泡特金	кропоткин	kèlǔpàotèjīn	О	pào	4
列夫·托尔斯泰	лев толстой	lièfūtuōěrsītài	ЭО	liè_tài	4_4
列昂尼德	леонид	lièángnídé	И	ní	2
韦列夏金	верещагин	wéilièxiàjīn	А	xià	4
伊丽莎白·彼得罗芙娜·罗曼诺娃	елизавета петровна романова	yīlìshābáibǐdéluófúnàluómànnuòwá	ЭОА	bái_luó_màn	2_2_4
夏伯阳	чапаев	xiàbóyáng	А	bó	2
厄尔布鲁士	эльбрус	èěrbùlǔshì	У	lǔ	3
克尔	келля	kèěr	Э	kè	4
波格拉尼奇内	пограничный	bōgélāníqínèi	И	ní	2
斯米尔诺夫	смирнова	sīmǐěrnuòfū	О	nuò	4
戈梅利	гомель	gēméilì	О	gē	1
奥尔沙	орша	àoěrshā	О	ào	4
科	ко	kē	О	kē	1
罗曼诺夫	романовка	luómànnuòfū	А	màn	4
莫吉廖夫	могилЁв	mòjíliáofū	О	liáo	2
达夫列卡诺沃	давлеканово	dáfūlièkǎnuòwò	А	kǎ	3
明斯克	минск	míngsīkè	И	míng	2
斯摩棱斯克	смоленск	sīmóléngsīkè	Э	léng	2
涅曼	неман	nièmàn	Э	niè	4
波罗的斯克	балтийск	bōluódīsīkè	И	dī	1
古谢夫	гусев	gǔxièfū	У	gǔ	3
斯韦特雷	светлый	sīwéitèléi	Э	wéi	2
秋明	тюмень	qiūmíng	Э	míng	2
巴尔瑙尔	барнаул	bāěrnǎoěr	У	nǎo	3
克麦罗沃	кемерово	kèmàiluówò	Э	kè	4
克孜勒	кызыл	kèzīlè	Ы	zī	1
萨列哈尔德	салехард	sàlièhāěrdé	А	hā	1
雅库茨克	якутск	yǎkùcíkè	У	kù	4
乌兰乌德	улан удэ	wūlánwūdé	АЭ	lán_dé	2_2
别列别伊	белебЕй	biélièbiéyī	Э	bié	2
别廖夫	белёв	biéliáofū	О	liáo	2
野猪河	тЕтюхе	yězhūhé	Э	yě	3
达利涅戈尔斯克	дальнегорск	dálìniègēěrsīkè	О	gē	1
加特契纳	гатчина	jiātèqìnà	А	jiā	1
别林斯基	белинский	biélínsījī	И	lín	2
别洛沃	белово	biéluòwò	О	luò	4
别洛焦尔斯克	белозЕрск	biéluòjiāoěrsīkè	О	jiāo	1
基谢廖夫斯克	киселёвск	jīxièliáofūsīkè	О	liáo	2
克利莫夫斯克	климовск	kèlìmòfūsīkè	И	lì	4
塞瓦斯托波尔	севастополь	sèwǎsītuōbōěr	О	tuō	1
列索扎沃茨克	лесозаводск	lièsuǒzāwòcíkè	О	wò	4
基里希	кИриши	jīlǐxī	И	jī	1
别洛列茨克	белорецк	biéluòliècíkè	Э	liè	4
别尔茨克	бердск	biéěrcíkè	Э	bié	2
克尼亚吉尼诺	княгИнино	kèníyàjínínuò	И	jí	2
科夫多尔	ковдОр	kēfūduōěr	О	duō	1
科维尔基诺	ковылкино	kēwéiěrjīnuò	Ы	wéi	2
别廖佐夫斯基	берёзовский	biéliáozuǒfūsījī	О	liáo	2
别斯兰	беслан	biésīlán	А	lán	2
苏达克	судак	sūdákè	А	dá	2
科加雷姆	когалым	kējiāléimǔ	Ы	léi	2
科金斯克	кодинск	kējīnsīkè	О	kē	1
科泽利斯克	козельск	kēzélìsīkè	Э	zé	2
博尔加尔	болгар	bóěrjiāěr	А	jiā	1
博洛戈耶	бологое	bóluògēyē	О	gē	1
博洛特诺耶	болотное	bóluòtènuòyē	О	luò	4
柳比姆	любим	liǔbǐmǔ	И	bǐ	3
列宁诺戈尔斯克	лениногорск	lièníngnuògēěrsīkè	О	gē	1
比留辛斯克	бирюсинск	bǐliúxīnsīkè	И	xīn	1
比利比诺	билибино	bǐlìbǐnuò	И	lì	4
比尔斯克	бирск	bǐěrsīkè	И	bǐ	3
利库斯拉夫尔	лихославль	lìkùsīlāfūěr	А	lā	1
洛布尼亚	лобня	luòbùníyà	О	luò	4
莱蒙托夫	лермонтов	láimēngtuōfū	Э	lái	2
伊万哥罗德	ивангород	yīwàngēluódé	АО	wàn_gē	4_1
卡缅诺戈尔斯克	каменногорск	kǎmiǎnnuògēěrsīkè	О	gē	1
孔德罗沃	кОндрово	kǒngdéluówò	О	kǒng	3
康斯坦丁诺夫斯克	константиновск	kāngsītǎndīngnuòfūsīkè	И	dīng	1
利夫内	ливны	lìfūnèi	И	lì	4
布拉戈达尔内	благодарный	bùlāgēdáěrnèi	А	dá	2
科纳科沃	конаково	kēnàkēwò	О	kē	1
孔多波加	кондопога	kǒngduōbōjiā	О	bō	1
马加丹	магадан	mǎjiādān	А	dān	1
利基诺-杜廖沃	ликинО дулёво	lìjīnuòdùliáowò	ОО	nuò_liáo	4_2
利普基	лИпки	lìpǔjī	И	lì	4
利斯基	лИски	lìsījī	И	lì	4
别洛亚尔斯克	белоярск-	biéluòyàěrsīkè	А	yà	4
科里亚日马	корЯжма	kēlǐyàrìmǎ	А	yà	4
科捷利尼奇	котельнич	kējiélìníqí	Э	jié	2
科托夫斯克	котОвск	kētuōfūsīkè	О	tuō	1
科赫马	кохма	kēhèmǎ	О	kē	1
洛西诺-彼得罗夫斯基	лосино петровский	luòxīnuòbǐdéluófūsījī	ИО	xī_luó	1_2
卢霍维齐	луховицы	lúhuòwéiqí	И	wéi	2
雷斯科沃	лысково	léisīkēwò	Ы	léi	2
博戈罗季茨克	богородицк	bógēluójìcíkè	О	luó	2
博戈罗茨克	богородск	bógēluócíkè	О	luó	2
科洛格里夫	кологрив	kēluògélǐfū	И	lǐ	3
波戈托尔	боготол	bōgētuōěr	О	tuō	1
乌拉尔地区卡缅斯克	каменск уральский	wūlāěrdìqūkǎmiǎnsīkè	АА	lā_kǎ	1_3
马尔梅日	малмыж	mǎěrméirì	Ы	mǎ	3
小阿尔汉格尔斯克	малоархангельск	xiǎoāěrhàngéěrsīkè	А	hàn	4
小雅罗斯拉夫韦茨	малоярославец	xiǎoyǎluósīlāfūwéicí	А	lā	1
科尔帕舍沃	колпашево	kēěrpàshèwò	А	pà	4
库尔干	курган	kùěrgān	А	gān	1
维堡	выборг	wéibǎo	Ы	wéi	2
科拉布利诺	кораблинО	kēlābùlìnuò	О	nuò	4
顿涅茨克	донецк	dùnniècíkè	Э	niè	4
科斯捷列沃	костерёво	kēsījiélièwò	О	liè	4
尼科尔斯科耶	никольское	níkēěrsīkēyé	О	kē	1
新拉多加	новая ладога	xīnlāduōjiā	А	lā	1
切尔努什卡	чернушка	qiēěrnǔshíkǎ	У	nǔ	3
红苏林	красный сулин	hóngsūlín	У	sū	1
红霍尔姆	красный холм	hónghuòěrmǔ	О	huò	4
波德波罗日耶	подпорожье	bōdébōluórìyē	О	luó	2
斯韦托戈尔斯克	светогорск	sīwéituōgēěrsīkè	ЭО	gē	1
普里奥焦尔斯克	приозерск	pǔlǐàojiāoěrsīkè	О	jiāo	1
布伊纳克斯克	буйнакск	bùyīnàkèsīkè	А	nà	4
科罗廖夫	королёв	kēluóliáofū	О	liáo	2
马马德什	мамадыш	mǎmǎdéshí	Ы	dé	2
马莫诺夫	мамоново	mǎmònuòfū	О	mò	4
杰格佳尔斯克	дегтярск	jiégéjiāěrsīkè	А	jiā	1
库夫希诺沃	кувшиново	kùfūxīnuòwò	Ы	xī	1
库德姆卡尔	кудымкар	kùdémǔkǎěr	Ы	dé	2
库万德克	кувандык	kùwàndékè	Ы	dé	2
弗谢沃洛日斯克	всеволожск	fúxièwòluòrìsīkè	Э	xiè	4
维索茨克	высоцк	wéisuǒcíkè	О	suǒ	3
雷特卡里诺	лыткарино	léitèkǎlǐnuò	А	kǎ	3
谢尔托洛夫	сертолово	xièěrtuōluòfū	Э	xiè	4
梅吉翁	мегион	méijíwēng	О	wēng	1
下诺夫哥罗德	нижний новгород	xiànuòfūgēluódé	О	nuò	4
库里尔斯克	курильск	kùlǐěrsīkè	И	lǐ	3
库尔洛沃	курлово	kùěrluòwò	У	kù	4
梅斯基	мыски	méisījī	И	méi	2
小维舍拉	малая вишера	xiǎowéishèlā	И	wéi	2
马尔戈别克	малгобек	mǎěrgēbiékè	Э	bié	2
克拉斯诺维舍尔斯克	красновишерск	kèlāsīnuòwéishèěrsīkè	И	wéi	2
柳季诺沃	людиново	liǔjìnuòwò	И	jì	4
克斯托沃	кстово	kèsītuōwò	О	tuō	1
库宾卡	кубинка	kùbīnkǎ	У	kù	4
斯兰齐	сланцы	sīlánqí	А	lán	2
博洛霍沃	болохово	bóluòhuòwò	О	bó	2
梅日戈尔耶	межгорье	méirìgēěryē	О	gē	1
梅德韦日耶戈尔斯克	медвежьегорск	méidéwéirìyēgēěrsīkè	ЭО	wéi_gē	2_1
克拉斯诺斯洛博茨克	краснослободск	kèlāsīnuòsīluòbócíkè	АО	lā_bó	1_2
马林斯基镇	мариинский посад	mǎlínsījīzhèn	И	lí	2
布琼诺夫斯克	будённовск	bùqióngnuòfūsīkè	О	qióng	2
布因斯克	буинск	bùyīnsīkè	И	yīn	1
克拉斯诺图林斯克	краснотурьинск	kèlāsīnuòtúlínsīkè	АУ	lā_tú	1_2
别洛列琴斯克	белореченск	biéluòlièqínsīkè	ЭЭ	bié_liè	2_4
克什特姆	кыштым	kèshítèmǔ	Ы	tè	4
沃洛索沃	волосово	wòluòsuǒwò	О	wò	4
良托尔	лянтор	liángtuōěr	О	liáng	2
米尼亚尔	миньяр	mǐníyàěr	А	yà	4
米哈伊洛夫	михайлов	mǐhāyīluòfū	А	hā	1
季赫温	тихвин	jìhèwēn	И	jì	4
阿宾斯克	абинск	ābīnsīkè	А	ā	1
阿普歇伦斯克	апшеронск	āpǔxiēlúnsīkè	О	lún	2
拉贝特南吉	лабытнанги	lābèitènánjí	А	nán	2
拉甘	лагАнь	lāgān	А	gān	1
梅连基	мЕленки	méiliánjī	Э	méi	2
利戈夫	льгов	lìgēfū	О	gē	1
阿纳帕	анапа	ānàpà	А	nà	4
捷姆留克	темрюк	jiémǔliúkè	У	liú	2
格奥尔吉耶夫斯克	георгиевск	géàoěrjíyēfūsīkè	О	ào	4
新罗西斯克	новороссийск	xīnluóxīsīkè	И	xī	1
恰克图	кяхта	qiàkètú	А	qià	4
博罗夫斯克	боровск	bóluófūsīkè	О	bó	2
皮卡廖沃	пикалёво	píkǎliáowò	О	liáo	2
科列诺夫斯克	коренОвск	kēliènuòfūsīkè	О	nuò	4
哈德任斯克	хадыженск	hādérènsīkè	Ы	dé	2
达吉斯坦奥格尼	дагестанские огни	dájísītǎnàogéní	АИ	tǎn_ní	3_2
喀山	казань	kāshān	А	shān	1
马卡里耶夫	макарьев	mǎkǎlǐyēfū	А	kǎ	3
马库希诺	макушино	mǎkùxīnuò	У	kù	4
梅日杜列琴斯克	междуреченск	méirìdùlièqínsīkè	ЭЭ	méi_liè	2_4
莫日加	можга	mòrìjiā	А	jiā	1
米努辛斯克	минусинск	mǐnǔxīnsīkè	И	xīn	1
梅列乌兹	мелеуз	méilièwūzī	У	wū	1
门捷列夫斯克	менделеевск	ménjiélièfūsīkè	Э	liè	4
大卡缅	большой камень	dàkǎmiǎn	А	kǎ	3
博罗季诺	бородино	bóluójìnuò	О	nuò	4
夏西斯特罗伊	сясьстрой	xiàxīsītèluóyī	АО	xià_luó	4_2
库梅尔套	кумертау	kùméiěrtào	А	tào	4
昆古尔	кунгУр	kūngǔěr	У	gǔ	3
科斯托穆克沙	костомукша	kēsītuōmùkèshā	У	mù	4
科捷尔尼基	котельники	kējiéěrníjī	Э	jié	2
克拉斯诺扎沃茨克	краснозаводск	kèlāsīnuòzāwòcíkè	АО	lā_wò	1_4
红兹纳缅斯克	краснознаменск	hóngzīnàmiǎnsīkè	А	nà	4
费奥多西亚	феодосия	fèiàoduōxīyà	О	duō	1
鄂木斯克	омск	èmùsīkè	О	è	4
克拉斯诺卡缅斯克	краснокаменск	kèlāsīnuòkǎmiǎnsīkè	АА	lā_kǎ	1_3
克拉斯诺卡姆斯克	краснокамск	kèlāsīnuòkǎmǔsīkè	АА	lā_kǎ	1_3
顿河畔罗斯托夫	ростов на дону	dùnhépànluósītuōfū	ОУ	dùn_tuō	4_1
梅德诺戈尔斯克	медногорск	méidénuògēěrsīkè	О	gē	1
梅登	медынь	méidēng	Ы	dēng	1
库罗夫斯科耶	куровскОе	kùluófūsīkēyē	О	luó	2
库尔塔梅什	куртамыш	kùěrtǎméishí	Ы	méi	2
库萨	куса	kùsà	А	sà	4
雅尔塔	ялта	yǎěrtǎ	А	yǎ	3
博尔	бор	bóěr	О	bó	2
叶卡捷琳堡	екатеринбург	yèkǎjiélínbǎo	У	bǎo	3
克拉斯诺乌菲姆斯克	красноуфимск	kèlāsīnuòwūfēimǔsīkè	АИ	lā_fēi	1_1
红库特	красный кут	hóngkùtè	У	kù	4
车里雅宾斯克	челябинск	chēlǐyǎbīnsīkè	А	yǎ	3
米哈伊洛夫斯克	михайловск	mǐhāyīluòfūsīkè	А	hā	1
什利谢利堡	шлиссельбург	shílìxièlìbǎo	ИУ	lì_bǎo	4_3
切尔诺戈尔斯克	черногорск	qiēěrnuògēěrsīkè	О	gē	1
蒙切戈尔斯克	мончегорск	mēngqiēgēěrsīkè	О	gē	1
莫罗佐夫斯克	морозовск	mòluózuǒfūsīkè	О	luó	2
莫尔尚斯克	моршанск	mòěrshàngsīkè	А	shàng	4
纳扎罗沃	назарово	nàzāluówò	А	zā	1
纳兹兰	назрань	nàzīlán	А	lán	2
拉杜什金	ладушкин	lādùshíjīn	А	lā	1
姆岑斯克	мценск	mǔcénsīkè	Э	cén	2
梅什金	мышкин	méishénjīn	Ы	méi	2
加里宁格勒	калининград	jiālǐnínggélè	А	lè	4
纳霍德卡	находка	nàhuòdékǎ	О	huò	4
拉宾斯克	лабинск	lābīnsīkè	А	lā	1
缅泽林斯克	мензелинск	miǎnzélínsīkè	И	miǎn	3
梅晓夫斯克	мещовск	méixiǎofūsīkè	О	xiǎo	3
米昆	микунь	mǐkūn	У	kūn	1
萨基	саки	sàjī	А	sà	4
彼尔姆	пермь	bǐěrmǔ	Э	bǐ	3
穆拉希	мураши	mùlāxī	Ы	xī	1
克雷姆斯克	крымск	kèléimǔsīkè	Ы	léi	2
库尔加宁斯克	курганинск	kùěrjiāníngsīkè	А	jiā	1
克拉斯诺乌拉尔斯克	красноуральск	kèlāsīnuòwūláěrsīkè	А	lá	2
库列巴基	кулебаки	kùlièbājī	А	bā	1
上萨尔达	верхняя салдА	shàngsàěrdá	А	dá	2
上图拉	верхняя турА	shàngtúlā	А	lā	1
韦利日	велиж	wéilìrì	Э	wéi	2
韦利斯克	вельск	wéilìsīkè	Э	wéi	2
上扬斯克	верхоянск	shàngyángsīkè	А	yá	2
波赫维斯特涅沃	пОхвистнево	bōhèwéisītènièwò	О	bō	1
韦西耶贡斯克	весьегонск	wéixīyēgòngsīkè	О	gòng	4
鲍里索格列布斯克	борисоглебск	bàolǐsuǒgēlièbùsīkè	ИЭ	lǐ_liè	3_4
莫萨利斯克	мосальск	mòsàlìsīkè	А	sà	4
穆拉夫连科	муравленко	mùlāfūliánkē	Э	lián	2
摩尔曼斯克	мурманск	móěrmànsīkè	У	mó	2
鲍里索夫	борисов	bàolǐsuǒfū	И	lǐ	3
瓦卢伊基	валуйки	wǎlúyījī	У	lú	2
托木斯克	томск	tuōmùsīkè	О	tuō	1
库什瓦	кушва	kùshíwǎ	У	kù	4
塞兹兰	сызрань	sāizīlán	Ы	sāi	1
上塔吉尔	верхний тагил	shàngtǎjíěr	И	jí	2
上乌法列伊	верхний уфалей	shàngwūfǎlièyī	Э	liè	4
纳罗-福明斯克	наро фоминск	nàluófúmíngsīkè	АИ	nà_míng	4_2
纳尔特卡拉	нарткалА	nàěrtèkǎlā	А	lā	1
涅韦尔	нЕвель	nièwéiěr	Э	niè	4
韦尼奥夫	венёв	wéiníàofū	О	níào	4
格连吉克	геленджик	gēliánjíkè	Ы	jí	2
古利克维奇	гулькевичи	gǔlìkèwéiqí	Э	kè	4
上佩什马	верхняя пышма	shàngpèishímǎ	Ы	pèi	4
阿尔汉格尔斯克	архангельск	āěrhàngéěrsīkè	А	hàn	4
维德诺耶	видное	wéidénuòyé	И	wéi	2
米列罗沃	миллерово	mǐlièluówò	И	mǐ	3
维尔霍图里耶	верхотурье	wéiěrhuòtúlǐyé	ЭУ	wéi_tú	2_2
古杰尔梅斯	гудермес	gǔjiéěrméisī	Э	méi	2
古科沃	гуково	gǔkēwò	У	gǔ	3
维霍列夫卡	вихоревка	wéihuòlièfūkǎ	И	wéi	2
沃尔戈列琴斯克	волгореченск	wòěrgēlièqínsīkè	ОЭ	wò_liè	4_4
维亚泽姆斯基	вяземский	wéiyàzémǔsījī	А	yà	4
古西诺奥泽尔斯克	гусиноозёрск	gǔxīnuòàozéěrsīkè	ИО	xī_zé	1_2
格列米亚钦斯克	гремячинск	gélièmǐyàqīnsīkè	А	yà	4
韦列夏吉诺	верещагино	wéilièxiàjínuò	А	xià	4
韦列亚	верея	wéilièyà	А	yà	4
上乌拉尔斯克	верхнеуральск	shàngwūláěrsīkè	А	lá	2
波罗奈斯克	поронайск	bōluónàisīkè	А	nài	4
维柳钦斯克	вилючинск	wéiliǔqīnsīkè	У	liǔ	3
陶里亚蒂	тольятти	táolǐyàdì	А	yà	4
波雷萨耶沃	полысаево	bōléisàyēwò	А	sà	4
波利亚尔内耶佐里	полярные зори	pōlìyàěrnèiyēzuǒlǐ	АО	yà_zuǒ	4_3
波列斯克	полесск	bōlièsīkè	Э	liè	4
纳瓦希诺	навашино	nàwǎxīnuò	А	wǎ	3
纳沃洛基	наволоки	nàwòluòjī	А	nà	4
加夫里洛夫-亚姆	гаврилов ям	jiāfūlǐluòfūyàmǔ	ИА	lǐ_yà	3_4
加加林	гагарин	jiājialín	А	jiā	1
苏尔古特	сургут	sūěrgǔtè	У	gǔ	3
纳里扬马尔	нарьян мар	nàlǐyángmǎěr	А	mǎ	3
杰多夫斯克	дедовск	jiéduōfūsīkè	Э	jié	2
达尔马托沃	далмАтово	dáěrmǎtuōwò	А	mǎ	3
波利亚尔内	полярный	pōlìyàěrnèi	А	yà	4
普拉夫金斯克	правдинск	pǔlāfūjīnsīkè	А	lā	1
维柳伊斯克	вилюйск	wéiliǔyīsīkè	У	liǔ	3
波列夫斯科伊	полевской	bōlièfūsīkēyī	О	kē	1
特维尔	тверь	tèwéiěr	Э	wéi	2
涅韦尔斯克	невельск	nièwéiěrsīkè	Э	niè	4
沃斯克列先斯克	воскресенск	wòsīkèlièxiānsīkè	Э	xiān	1
波舍霍尼耶	пошехонье	bōshèhuòníyē	О	huò	4
维列伊卡	вилейка	wéilièyīkǎ	Э	liè	4
克拉斯诺亚尔斯克	красноярск	kèlāsīnuòyàěrsīkè	А	yà	4
叶夫帕托里亚	евпатория	yèfūpàtuōlĭyà	О	tuō	1
雅罗斯拉夫尔	ярославль	yǎluósīlāfūěr	А	lā	1
列别姜	лебедянь	lièbiéjiāng	А	jiāng	1
多莫杰多沃	домодедово	duōmòjiéduōwò	Э	jié	2
维亚茨基耶波利亚内	вятские поляны	wéiyàcíjīyēpōlìyànèi	АА	yà_yà	4_4
格里卓维次	грязовец	gélǐzhuówéicì	А	lǐ	3
梅季希	мытищи	méijìxī	И	jì	4
沃利斯克	вольск	wòlìsīkè	О	wò	4
古巴哈	губАха	gǔbāhā	А	bā	1
顿斯科伊	донской	dùnsīkēyī	О	kē	1
季米特洛夫斯克	дмитровск	jìmǐtèluòfūsīkè	И	mǐ	3
德诺	дно	dénuò	О	nuò	4
维索科夫斯克	высОковск	wéisuǒkēfūsīkè	О	suǒ	3
季米特洛夫格勒	димитровград	jìmǐtèluòfūgélè	ИА	lè	4
古布金	губкин	gǔbùjīn	У	gǔ	3
古布金斯基	губкинский	gǔbùjīnsījī	У	gǔ	3
沃特金斯克	воткинск	wòtèjīnsīkè	О	wò	4
格多夫	гдов	géduōfū	О	duō	1
鲁扎耶夫卡	рузаевка	lǔzāyēfūkǎ	А	zā	1
雷宾斯克	рыбинск	léibīnsīkè	Ы	léi	2
兰格帕斯	лангепАс	lángépàsī	А	pà	4
拉赫坚波希亚	лахденпохья	lāhèjiānbōxīyà	О	bō	1
丹尼洛夫	данилов	dānníluòfū	И	ní	2
丹科夫	данков	dānkēfū	О	kē	1
瑟克特夫卡尔	сыктывкар	sèkètèfūkǎěr	А	kǎ	3
格拉佐夫	глазов	gélāzuǒfū	А	lā	1
雷布诺耶	рыбное	léibùnuòyé	Ы	léi	2
雷利斯克	рыльск	léilìsīkè	Ы	léi	2
杰斯诺戈尔斯克	десногорск	jiésīnuògēěrsīkè	О	gē	1
加吉耶沃	гаджиево	jiājíyēwò	Ы	jí	2
加利奇	галич	jiālìqí	А	jiā	1
戈尔巴托夫	горбатов	gēěrbātuōfū	А	bā	1
戈尔诺扎沃茨克	горнозаводск	gēěrnuòzāwòcíkè	О	wò	4
大诺夫哥罗德	великий новгород	dànuòfūgēluódé	О	nuò	4
罗沙利	рошаль	luóshālì	А	shā	1
勒季谢沃	ртищево	lèjìxièwò	И	jì	4
斯特列热沃伊	стрежевой	sītèlièrèwòyī	О	wò	4
普罗列塔尔斯克	пролетарск	pǔluóliètǎěrsīkè	А	tǎ	3
普罗特维诺	протвино	pǔluótèwéinuò	О	luó	2
普罗赫拉德内	прохладный	pǔluóhèlādénèi	А	lā	1
沃尔日斯克	волжск	wòěrrìsīkè	О	wò	4
武克特尔	вуктыл	wǔkètèěr	Ы	wǔ	3
沃洛达尔斯克	володарск	wòluòdáěrsīkè	А	dá	2
季夫诺戈尔斯克	дивногорск	jìfūnuògēěrsīkè	О	gē	1
涅维扬斯克	невьянск	nièwéiyángsīkè	А	yáng	2
波克罗夫	покров	bōkèluófū	О	luó	2
多布良卡	добрянка	duōbùliángkǎ	А	liáng	2
拉杜日内	радужный	lādùrìnèi	А	lā	1
滨海阿赫塔尔斯克	приморско ахтарск	bīnhǎiāhètǎěrsīkè	А	tǎ	3
梁赞	рязань	liángzàn	А	zàn	4
戈利齐诺	голицыно	gēlìqínuò	И	lì	4
普斯托什卡	пустошка	pǔsītuōshíkǎ	О	tuō	1
戈尔尼亚克	горняк	gēěrníyàkè	А	yà	4
普希诺	пущино	pǔxīnuò	У	pǔ	3
佩塔洛沃	пыталово	pèitǎluòwò	А	tǎ	3
戈罗多维科夫斯克	городовиковск	gēluóduōwéikēfūsīkè	О	kē	1
列乌托夫	реутов	lièwūtuōfū	Э	liè	4
谢罗夫	серов	xièluófú	О	luó	2
罗斯托夫	ростов	luósītuōfū	О	tuō	1
波克罗夫斯克	покровск	bōkèluófūsīkè	О	luó	2
卡卢加	калуга	kǎlújiā	У	jiā	1
库尔斯克	курск	kùěrsīkè	У	kù	4
普加乔夫	пугачёв	pǔjiāqiáofū	О	qiáo	2
普多日	пудож	pǔduōrì	У	pǔ	3
鲁布佐夫斯克	рубцовск	lǔbùzuǒfūsīkè	О	zuǒ	3
沙茨克	шацк	shācíkè	А	shā	1
萨拉托夫	саратов	sàlātuōfū	А	lā	1
格罗德诺	гродно	géluódénuò	О	luó	2
埃利斯塔	элиста	āilìsītǎ	А	tǎ	3
北贝加尔斯克	северобайкальск	běibèijiāěrsīkè	А	jiā	1
沃尔斯马	ворсма	wòěrsīmǎ	О	wò	4
卡拉巴诺沃	карабаново	kǎlābānuòwò	А	bā	1
罗德尼基	родники	luódéníjī	И	jī	1
叶姆瓦	емва	yèmǔwǎ	Э	yè	4
叶尼塞斯克	енисейск	yènísàisīkè	Э	sài	4
勒热夫	ржев	lèrèfū	Э	rè	4
拉斯卡佐沃	рассказово	lāsīkǎzuǒwò	А	kǎ	3
坦波夫	тамбов	tǎnbōfū	О	bō	1
利佩茨克	липецк	lìpèicíkè	И	lì	4
罗斯拉夫尔	рославль	luósīlāfūěr	А	lā	1
马哈奇卡拉	махачкала	mǎhāqíkǎlā	А	lā	1
杜金卡	дудИнка	dùjīnkǎ	И	jīn	1
杜霍夫希纳	духовщина	dùhuòfūxīnà	И	xī	1
久尔秋利	дюртюли	jiǔěrqiūlì	И	lì	4
萨莱尔	салаир	sàláiěr	И	lái	2
克拉斯诺达尔	краснодар	kèlāsīnuòdáěr	А	dá	2
萨福诺沃	сафоново	sàfúnuòwò	О	fú	2
萨亚诺戈尔斯克	саяногорск	sàyànuògēěrsīkè	О	gē	1
萨彦斯克	саянск	sàyànsīkè	А	yàn	4
多尔戈普鲁德内	долгопрудный	duōěrgēpǔlǔdénèi	У	lǔ	3
多林斯克	долинск	duōlínsīkè	О	duō	1
阿卢什塔	алушта	ālúshítǎ	У	lú	2
北德文斯克	северодвинск	běidéwénsīkè	И	wén	2
萨利斯克	сальск	sàlìsīkè	А	sà	4
扎卡缅斯克	закаменск	zākǎmiǎnsīkè	А	kǎ	3
扎沃尔日耶	заволжье	zāwòěrrìyē	О	wò	4
萨罗夫	саров	sàluófú	О	luó	2
萨索沃	сасово	sàsuǒwò	А	sà	4
萨特卡	сатка	sàtèkǎ	А	sà	4
斯韦特洛格勒	светлоград	sīwéitèluògélè	А	lè	4
斯维尔斯克	свирск	sīwéiěrsīkè	И	wéi	2
迈科普	майкоп	màikēpǔ	О	kē	1
谢苗诺夫	семёнов	xièmiáonuòfū	О	miáo	2
谢米卡拉科尔斯克	семикаракорск	xièmǐkǎlākēěrsīkè	ЭО	xiè_kē	4_1
茹科夫	жуков	rúkēfū	У	rú	2
斯塔夫罗波尔	ставрополь	sītǎfūluóbōěr	А	tǎ	3
扎东斯克	задонск	zādōngsīkè	О	dōng	1
热列兹诺哥尔斯克-伊利姆斯基	железногорск илимский	rèlièzīnuògēěrsīkèyīlìmǔsījī	ОИ	gē_lì	1_4
叶先图基	ессентуки	yèxiāntújī	И	jī	1
切博克萨雷	чебоксары	qiēbókèsàléi	А	sà	4
马加斯	магАс	mǎjiāsī	А	jiā	1
纳尔奇克	нальчик	nàěrqíkè	А	nà	4
扎沃多乌科夫斯克	заводоуковск	zāwòduōwūkēfūsīkè	О	kē	1
叶尔绍夫	ершов	yèěrshàofū	О	shào	4
格罗兹尼	грозный	géluózīní	О	luó	2
多罗戈布日	дорогобуж	duōluógēbùrì	У	bù	4
斯韦特洛戈尔斯克	светлогорск	sīwéitèluògēěrsīkè	О	gē	1
萨兰斯克	саранск	sàlánsīkè	А	lán	2
基洛夫	киров	jīluòfū	И	jī	1
叶戈里耶夫斯克	егорьевск	yègēlǐyēfūsīkè	О	gē	1
叶伊斯克	ейск	yèyīsīkè	Э	yè	4
扎波利亚尔内	заполярный	zāpōlìyàěrnèi	А	yà	4
扎奥焦尔斯克	заозёрск	zāàojiāoěrsīkè	О	jiāo	1
西德维纳	западная двина	xīdéwéinà	А	nà	4
泽列诺格拉茨克	зеленоградск	zéliènuògélācíkè	А	lā	1
弗拉季高加索	владикавказ	fúlājìgāojiāsuǒ	А	jiā	1
北莫尔斯克	североморск	běimòěrsīkè	О	mò	4
北乌拉尔斯克	североуральск	běiwūláěrsīkè	А	lá	2
库尔恰托夫	курчатов	kùěrqiàtuōfū	А	qià	4
谢格扎	сегЕжа	xiègézhā	Э	gé	2
切尔克斯克	черкесск	qiēěrkèsīkè	Э	kè	4
先吉列伊	сенгилЕй	xiānjílièyī	Э	liè	4
绥拉菲莫维奇	серафимович	suílāfēimòwéiqí	О	mò	4
谢尔加奇	сергач	xièěrjiāqí	А	jiā	1
乌斯季杰古塔	усть джегута	wūsījìjiégǔtǎ	УА	wū_tǎ	1_3
约什卡尔奥拉	йошкар ола	yuēshíkǎěràolā	А	lā	1
奔萨	пенза	bēnsà	Э	bēn	1
伊热夫斯克	ижевск	yīrèfūsīkè	Э	rè	4
德列兹纳	дрезна	délièzīnà	Э	liè	4
茹科夫斯基	жуковский	rúkēfūsījī	О	kē	1
扎因斯克	заинск	zāyīnsīkè	И	yīn	1
奥伦堡	оренбург	àolúnbǎo	У	bǎo	3
热尔杰夫卡	жЕрдевка	rèěrjiéfūkǎ	Э	rè	4
谢尔多布斯克	сердобск	xièěrduōbùsīkè	О	duō	1
谢尔普霍夫	серпухов	xièěrpǔhuòfū	Э	xiè	4
扎奥焦尔内	заозёрный	zāàojiāoěrnèi	О	jiāo	1
乌里扬诺夫斯克	ульяновск	wūlǐyángnuòfūsīkè	А	yáng	2
苏维埃茨克	советск	sūwéiāicíkè	Э	wéi	2
莫兹多克	моздОк	mòzīduōkè	О	duō	1
叶拉布加	елабуга	yèlābùjiā	А	lā	1
埃利佐沃	елизово	āilìzuǒwò	Э	lì	4
叶曼热林斯克	еманжелинск	yèmànrèlínsīkè	И	lín	2
奥尔斯克	орск	àoěrsīkè	О	ào	4
扎赖斯克	зарайск	zālàisīkè	А	lài	4
乌恰雷	учалЫ	wūqiàléi	Ы	léi	2
斯莫尔贡	сморгОнь	sīmòěrgòng	О	gòng	4
奥博扬	обоянь	àobóyáng	А	yáng	2
叶夫列莫夫	ефремов	yèfūlièmòfū	Э	liè	4
热列兹诺沃德斯克	железноводск	rèlièzīnuòwòdésīkè	О	wò	4
切尔尼亚霍夫斯克	черняховск	qièěrníyàhuòfūsīkè	О	huò	4
尼亚泽彼得罗夫斯克	нязепетровск	níyàzébǐdéluófūsīkè	АО	yà_luó	2_4
沃洛科拉姆斯克	волоколамск	wòluòkēlāmǔsīkè	А	lā	1
斯科平	скопин	sīkēpíng	И	píng	2
斯拉夫戈罗德	славгород	sīlāfūgēluódé	А	lā	1
沃尔昌斯克	волчанск	wòěrchāngsīkè	А	chāng	1
乌斯季-卡塔夫	усть катАв	wūsījìkǎtǎfū	УА	tǎ	3
乌斯季-拉宾斯克	усть лабинск	wūsījìlābīnsīkè	УИ	wū_bīn	1_1
下塔吉尔	нижний тагил	xiàtǎjíěr	И	jí	2
伏尔加斯基	волжский	fúěrjiāsījī	О	fú	2
马格尼托哥尔斯克	магнитогорск	mǎgénítuōgēěrsīkè	О	gē	1
福基诺	фокино	fújīnuò	О	fú	2
赫瓦伦斯克	хвалынск	hèwǎlúnsīkè	Ы	lún	2
福罗斯	форОс	fúluósī	О	luó	2
西伯利亚乌索利耶	усолье сибирское	xībólìyàwūsuǒlìyé	ОИ	bó_suǒ	2_3
苏贾	суджа	sūjiǎ	У	sū	1
卡马河畔切尔尼	набережные челны	kǎmǎhépànqiēěrní	Ы	ní	2
法捷日	фатеж	fǎjiérì	Э	jié	2
晓尔基诺	щёлкино	xiǎoěrjīnuò	О	xiǎo	3
佳特洛沃	дятлово	jiātèluòwò	А	jiā	1
新库兹涅茨克	новокузнецк	xīnkùzīniècíkè	Э	niè	4
伊兰斯基	иланский	yīlánsījī	А	lán	2
齐维利斯克	цивИльск	qíwéilìsīkè	И	wéi	2
齐姆良斯克	цимлянск	qímǔliángsīkè	А	liáng	2
阿兹纳卡耶沃	азнакАево	āzīnàkǎyēwò	А	kǎ	3
霍尔姆	холм	huòěrmǔ	О	huò	4
霍季科沃	хотькОво	huòjìkēwò	О	kē	1
叶利尼亚	ельня	yèlìníyà	Э	yè	4
顿河畔卡拉奇	калач на дону	dùnhépànkǎlāqí	А	lā	1
阿迪格斯克	адыгейск	ādígésīkè	Э	gé	2
阿列伊斯克	алейск	ālièyīsīkè	Э	liè	4
别洛库里哈	белокуриха	biéluòkùlǐhā	У	kù	4
弗里亚济诺	фрязино	fúlǐyàjìnuò	А	yà	4
安德	анд-	āndé	А	ān	1
阿卜杜利诺	абдулино	àbùdùlìnuò	У	dù	4
阿吉代尔	агидель	ājídàiěr	Э	dài	4
亚速	азов	yàsù	О	sù	4
阿克多武拉克	ак довурак	ākèduōwǔlākè	АА	ā_lā	1_1
阿巴扎	абаза	ābāzā	А	zā	1
比斯克	бийск	bǐsīkè	И	bǐ	3
阿尔卡达克	аркадАк	āěrkǎdákè	А	dá	2
阿拉吉尔	алагир	ālājíěr	И	jí	2
希姆基	химки	xīmǔjī	И	xī	1
科克捷别利	коктебель	kēkèjiébiélì	Э	bié	2
阿列克辛	алексин	ālièkèxīn	Э	liè	4
切列帕诺沃	черепаново	qiēlièpànuòwò	А	pà	4
沙里亚	шарьЯ	shālǐyà	А	yà	4
阿尔达托夫	ардатов	āěrdátuōfū	А	dá	2
下瓦尔托夫斯克	нижневартовск	xiàwǎěrtuōfūsīkè	А	wǎ	3
阿尔乔莫夫斯克	артёмовск	āěrqiáomòfūsīkè	О	qiáo	2
舒梅尔利亚	шумерля	shūméiěrlìyà	У	shū	1
巴布什金	бабушкин	bābùshíjīn	А	bā	1
巴夫雷	бавлы	bāfūléi	Ы	léi	2
阿拉帕耶夫斯克	алапАевск	ālāpàyēfūsīkè	А	pà	4
阿尔乔姆	артём	āěrqiáomǔ	О	qiáo	2
切尔诺戈洛夫卡	черноголовка	qiēěrnuògēluòfūkǎ	О	luò	4
奇斯托波尔	чистополь	jīsītuōbōěr	И	jī	1
沙胡尼亚	шахунья	shāhúníyà	У	hú	2
沙图拉	шатура	shātúlā	У	tú	2
沙赫特	шахты	shāhètè	А	shā	1
阿尔扎迈	алзамАй	āěrzāmài	А	mài	4
尼基塔	никита	níjītǎ	И	jī	1
阿普雷列夫卡	апрелевка	āpǔléilièfūkǎ	Э	léi	2
阿拉米尔	арамиль	ālāmǐěr	И	mǐ	3
沙戈纳尔	шагонар	shāgēnàěr	А	nà	4
沙德林斯克	шадринск	shādélínsīkè	А	shā	1
沙里	шали	shālǐ	И	lǐ	3
巴格拉季奥诺夫斯克	багратионовск	bāgélājìàonuòfūsīkè	О	ào	4
贝加尔斯克	байкальск	bèijiāěrsīkè	А	jiā	1
切尔登	чердынь	qiēěrdēng	Э	dēng	1
希马诺夫斯克	шимановск	xīmǎnuòfūsīkè	А	mǎ	3
希哈内	шиханы	xīhānèi	А	hā	1
巴拉赫纳	балахнА	bālāhènà	А	nà	4
下卡姆斯克	нижнекамск	xiàkǎmǔsīkè	А	kǎ	3
拜马克	баймак	bàimǎkè	А	mǎ	3
白卡利特瓦	белая калитвА	báikǎlìtèwǎ	А	wǎ	3
白霍卢尼察	белая холунИца	báihuòlúníchá	И	ní	2
尤戈尔斯克	югорск	yóugēěrsīkè	О	gē	1
涅留恩格里	нерюнгри	nièliúēngēlǐ	Э	niè	4
巴拉巴诺沃	балабаново	bālābānuòwò	А	bā	1
恰丹	чадАн	qiàdān	А	dān	1
柴可夫斯基	чайковский	cháikěfūsījī	О	kě	3
阿沙	ашА	āshā	А	shā	1
恰普雷金	чаплыгин	qiàpǔléijīn	Ы	léi	2
切格姆	чегЕм	qiēgémǔ	Э	gé	2
巴卡尔	бакАл	bākǎěr	А	kǎ	3
阿尔乔莫夫斯基	артёмовский	āěrqiáomòfūsījī	О	qiáo	2
阿斯别斯特	асбест	āsībiésītè	Э	bié	2
埃列克特罗乌格利	электроугли	āilièkètèluówūgélì	У	wū	1
恩格斯城	энгельс	ēngésīchéng	Э	ēn	1
新乌津斯克	новоузенск	xīnwūjīnsīkè	Э	jīn	1
新乌里扬诺夫斯克	новоульяновск	xīnwūlǐyángnuòfūsīkè	А	yáng	2
新乌拉尔斯克	новоуральск	xīnwūláěrsīkè	А	lá	2
恰帕耶夫斯克	чапаевск	qiàpàyēfūsīkè	А	pà	4
阿钦斯克	ачинск	āqīnsīkè	А	ā	1
巴拉绍夫	балашов	bālāshàofū	О	shào	4
巴列伊	балей	bālièyī	Э	liè	4
丘索沃伊	чусовой	qiūsuǒwòyī	О	wò	4
下谢尔吉	нижние серги	xiàxièěrjí	И	jí	2
下洛莫夫	нижний ломов	xiàluòmòfū	О	luò	4
申库尔斯克	шенкурск	shēnkùěrsīkè	Э	shēn	1
亚纳乌尔	янаул	yànàwūěr	У	wū	1
亚兰斯克	ярАнск	yàlánsīkè	А	lán	2
下萨尔达	нижняя салдА	xiàsàěrdá	А	dá	2
下图拉	нижняя турА	xiàtúlā	А	lā	1
别热茨克	бежецк	biérècíkè	Э	bié	2
契卡洛夫斯克	чкаловск	qìkǎluòfūsīkè		kǎ	3
丘多沃	чудово	qiūduōwò	У	qiū	1
奥布宁斯克	обнинск	àobùníngsīkè	О	ào	4
新安宁斯基	новоаннинский	xīnānníngsījī	А	ān	1
新沃罗涅日	нововоронеж	xīnwòluónièrì	О	luó	2
涅利多沃	нелидово	nièlìduōwò	И	lì	4
奥廖克明斯克	олёкминск	àoliàokèmíngsīkè	О	liào	4
奥列涅戈尔斯克	оленегорск	àolièniègēěrsīkè	О	gē	1
奥穆特宁斯克	омутнинск	àomùtèníngsīkè	И	níng	2
新切博克萨尔斯克	новочебоксарск	xīnqiēbókèsàěrsīkè	А	sà	4
奥列霍沃-祖耶沃	орехово зуево	àolièhuòwòzǔyēwò	ЭУ	liè_zǔ	4_3
阿尼瓦	анива	āníwǎ	И	ní	2
阿穆尔斯克	амурск	āmùěrsīkè	У	mù	4
安加尔斯克	ангарск	ānjiāěrsīkè	А	jiā	1
尼亚甘	нягань	níyàgān	А	yà	4
尼扬多马	няндома	níyángduōmǎ	А	yáng	2
阿帕季特	апатиты	āpàjìtè	И	jì	4
莫洛杰奇诺	молодечно	mòluòjiéqínuò	Э	jié	2
安德烈亚波尔	андреаполь	āndélièyàbōěr	А	yà	4
安热罗苏真斯克	анжеро судженск	ānrèluósuzhēnsīkè	ЭУ	rè_sū	4_1
巴拉宾斯克	барабинск	bālābīnsīkè	А	lā	1
亚斯内	ясный	yàsīnèi	А	yà	4
波洛茨克	полоцк	bōluòcíkè	О	bō	1
亚尔采沃	ярцево	yàěrcǎiwò	А	yà	4
亚斯诺戈尔斯克	ясногорск	yàsīnuògēěrsīkè	О	gē	1
新特罗伊茨克	новотроицк	xīntèluóyīcíkè	О	luó	2
诺林斯克	нолинск	nuòlínsīkè	И	lín	2
南苏霍库姆斯克	южно сухокумск	nánsūhuòkùmǔsīkè	У	kù	4
亚罗沃耶	яровое	yàluówòyē	О	wò	4
克鲁普基	крупки	kèlǔpǔjī	У	lǔ	3
佩列斯拉夫尔-扎列斯基	переславль залесский	pèilièsīlāfūěrzālièsījī	АЭ	lā_liè	1_4
佩斯托沃	пестОво	pèisītuōwò	О	tuō	1
新德文斯克	новодвинск	xīndéwénsīkè	И	wén	2
奥辛尼基	осинники	àoxīnníjī	И	xīn	1
新库班斯克	новокубанск	xīnkùbānsīkè	А	bān	1
涅夫捷库姆斯克	нефтекумск	nièfūjiékùmǔsīkè	У	kù	4
彼得罗夫瓦尔	петров вал	bǐdéluófūwǎěr	ОА	luó_wǎ	2_3
巴甫洛沃	павлово	bāfǔluòwò	А	bā	1
奥金佐沃	одинцово	àojīnzuǒwò	О	zuǒ	3
晓基诺	щёкино	xiǎojīnuò	О	xiǎo	3
新索科利尼基	новосокольники	xīnsuǒkēlìníjī	О	kē	1
涅夫捷尤甘斯克	нефтеюганск	nièfūjiéyóugānsīkè	ЭА	niè_gā	4_1
尤尔加	юрга	yóuěrjiā	А	jiā	1
尤里耶夫-波利斯基	юрьев польский	yóulǐyēfūbōlìsījī	УО	yóu_bō	2_1
诺里尔斯克	норильск	nuòlǐěrsīkè	И	lǐ	3
诺亚布尔斯克	ноябрьск	nuòyàbùěrsīkè	А	yà	4
涅斯维日	несвиж	nièsīwéirì	Э	niè	4
新乌连戈伊	новый уренгой	xīnwūliángēyī	О	gē	1
佩韦克	певЕк	pèiwéikè	Э	wéi	2
新米丘林斯克	новомичуринск	xīnmǐqiūlínsīkè	У	qiū	1
里亚日斯克	ряжск	lǐyàrìsīkè	А	yà	4
新古比雪夫斯克	новокуйбышевск	xīngǔbǐxuěfūsīkè	У	gǔ	3
新巴甫洛夫斯克	новопавловск	xīnbāfǔluòfūsīkè	А	bā	1
新勒热夫	новоржев	xīnlèrèfū	Э	rè	4
诺沃西利	новосиль	nuòwòxīlì	И	xī	1
奥特拉德内	отрадный	àotèlādénèi	А	lā	1
彼得罗夫斯克	петровск	bǐdéluófūsīkè	О	luó	2
新亚历山德罗夫斯克	новоалександровск	xīnyàlìshāndéluófūsīkè	А	shān	1
新阿尔泰斯克	новоалтайск	xīnāěrtàisīkè	А	tài	4
卡缅斯克-沙赫京斯基	каменск шахтинский	kǎmiǎnsīkèshāhèjīngsījī	АА	kǎ_shā	3_1
鄂毕河畔卡缅	камень на оби	èbìhépànkǎmiǎn	А	kǎ	3
因扎	инза	yīnzā	И	yīn	1
努尔拉特	нурлат	nǔěrlātè	А	lā	1
兹韦尼哥沃	звенигово	zīwéinígēwò	И	ní	2
奥尔洛夫	орлов	àoěrluòfū	О	luò	4
奥焦尔斯克	озёрск	àojiāoěrsīkè	О	jiāo	1
奥焦雷	озёры	àojiāoléi	О	jiāo	1
坎斯克	канск	kǎnsīkè	А	kǎn	3
卡拉巴什	карабаш	kǎlābāshí	А	bā	1
卡拉布拉克	карабулак	kǎlābùlākè	А	lā	1
佩列沃兹	перевоз	pèilièwòzī	О	wò	4
托博尔斯克	тобольск	tuōbóěrsīkè	О	bó	2
卡拉恰耶夫斯克	карачаевск	kǎlāqiàyēfūsīkè	А	qià	4
兹韦尼哥罗德	звенигород	zīwéinígēluódé	И	ní	2
奥哈	оха	àohā	А	hā	1
奥汉斯克	оханск	àohànsīkè	А	hàn	4
奥乔尔	очёр	àoqiáoěr	О	qiáo	2
因塔	инта	yīntǎ	А	tǎ	3
伊帕托沃	ипатово	yīpàtuōwò	А	pà	4
兹韦列沃	зверево	zīwéilièwò	Э	wéi	2
泽列诺多尔斯克	зеленодольск	zéliènuòduōěrsīkè	О	duō	1
普拉夫斯克	плавск	pǔlāfūsīkè	А	lā	1
普拉斯特	пласт	pǔlāsītè	А	lā	1
普廖斯	плёс	pǔliáosī	О	liáo	2
扎列奇内	заречный	zālièqínèi	Э	liè	4
佩图霍沃	петухово	pèitúhuòwò	О	huò	4
克列茨克	клецк	kèliècíkè	Э	liè	4
奥斯塔什科夫	осташков	àosītǎshíkēfū	А	tǎ	3
尤赫诺夫	юхнов	yóuhènuòfū	У	yóu	2
卡拉钦斯克	калачинск	kǎlāqīnsīkè	А	lā	1
加里宁斯克	калининск	jiālǐníngsīkè	И	lǐ	3
卡尔坦	калтан	kǎěrtǎn	А	tǎn	3
伊万捷耶夫卡	ивантеевка	yīwànjiéyēfūkǎ	Э	jié	2
内特瓦	нытва	nèitèwǎ	Ы	nèi	4
纽尔巴	нюрба	niǔěrbā	А	bā	1
新利亚利亚	новая ляля	xīnlìyàlìyà	А	yà	4
卡奇卡纳尔	качканар	kǎqíkǎnàěr	А	nà	4
卡申	кашин	kǎshēn	А	kǎ	3
基泽尔	кизел	jīzéěr	И	jī	1
克孜勒尤尔特	кизилюрт	kèzīlèyóuěrtè	У	yóu	2
基姆雷	кимры	jīmǔléi	И	jī	1
基涅利	кинель	jīnièlì	Э	niè	4
佩列斯韦特	пересвет	pèilièsīwéitè	Э	wéi	2
塔甘罗格	таганрог	tǎgānluógé	О	luó	2
卡尔戈波雷	каргополь	kǎěrgēbōléi	А	gē	1
卡利亚津	калязин	kǎlìyàjīn	А	yà	4
坎巴尔卡	камбАрка	kǎnbāěrkǎ	А	bā	1
伊西利库尔	исилькуль	yīxīlìkùěr	У	kù	4
伊斯基季姆	искитИм	yīsījījìmǔ	И	jì	4
祖耶夫卡	зуевка	zǔyēfūkǎ	У	zǔ	3
兹纳缅斯克	знаменск	zīnàmiǎnsīkè	А	nà	4
祖布佐夫	зубцов	zǔbùzuǒfū	О	zuǒ	3
普乔雷	печоры	pǔqiáoléi	О	qiáo	2
涅斯捷罗夫	нестеров	nièsījiéluófū	Э	niè	4
扎林斯克	заринск	zālínsīkè	И	lín	2
阿西诺	асино	āxīnuò	А	ā	1
阿特卡尔斯克	аткАрск	ātèkǎěrsīkè	А	kǎ	3
卡纳什	канАш	kǎnàshén	А	nà	4
兹拉托乌斯特	златоуст	zīlātuōwūsītè	У	wū	1
坎达拉克沙	кандалакша	kǎndálākèshā	А	lā	1
卡尔平斯克	карпинск	kǎěrpíngsīkè	А	kǎ	3
卡塔夫-伊万诺夫斯克	катав ивановск	kǎtǎfūyīwànnuòfūsīkè	АА	tǎ_wàn	3_4
卡泰斯克	катайск	kǎtàisīkè	А	tài	4
卡西莫夫	касимов	kǎxīmòfū	И	xī	1
卡斯利	касли	kǎsīlì	И	lì	4
伊加尔卡	игарка	yījiāěrkǎ	А	jiā	1
布列斯特	брест	bùlièsītè	Э	liè	4
兹梅伊诺戈尔斯克	змеиногорск	zīméiyīnuògēěrsīkè	О	gē	1
伊兹别尔巴什	избербаш	yīzībiéěrbāshí	А	bā	1
伊佐比利内	изобильный	yīzuǒbǐlìnèi	И	bǐ	3
卡德尼科夫	кадников	kǎdéníkēfū	А	kǎ	3
奥波奇卡	опочка	àobōqíkǎ	О	bō	1
舒米哈	шумиха	shūmǐhā	И	mǐ	3
亚卢托罗夫斯克	ялуторовск	yàlútuōluōfūsīkè	У	lú	2
拉金斯克	лакинск	lājīnsīkè	А	lā	1
卡梅什洛夫	камышлов	kǎméishíluòfū	О	luò	4
卡拉齐夫	карАчев	kǎlāqífū	А	lā	1
克德罗维	кедровый	kèdéluówéi	О	luó	2
皮奥涅尔斯基	пионерский	píàonièěrsījī	Э	niè	4
皮特基亚兰塔	питкяранта	pítèjīyàlántǎ	И	pí	2
柳别尔齐	люберцы	liǔbiéěrqí	У	liǔ	3
哈萨维尤尔特	хасавюрт	hāsàwéiyóuěrtè	У	yóu	2
基莫夫斯克	кимовск	jīmòfūsīkè	И	jī	1
基兹利亚尔	кизляр	jīzīlìyàěr	А	yà	4
泽列诺库姆斯克	зеленокумск	zéliènuòkùmǔsīkè	У	kù	4
泽尔诺格勒	зерноград	zéěrnuògélè	А	lè	4
希格雷	щигры	xīgēléi	Ы	léi	2
卡尔塔雷	карталы	kǎěrtǎléi	Ы	léi	2
基洛夫格勒	кировград	jīluòfūgélè	ИА	jī_lè	1_4
斯拉夫斯克	славск	sīlāfūsīkè	А	lā	1
基尔斯	кирс	jīěrsī	И	jī	1
基里尔洛夫	кириллов	jīlǐěrluòfū	И	lǐ	3
索利加利奇	солигалич	suǒlìjiālìqí	А	jiā	1
斯洛博茨科伊	слободской	sīluòbócíkēyī	О	kē	1
斯涅任斯克	снежинск	sīnièrènsīkè	Э	niè	4
基洛沃-切佩茨克	кирово чепецк	jīluòwòqiēpèicíkè	ИЭ	jī_pèi	1_4
基列耶夫斯克	киреевск	jīlièyēfūsīkè	Э	liè	4
斯涅日诺戈尔斯克	снежногорск	sīnièrìnuògēěrsīkè	О	gē	1
索罗钦斯克	сорочинск	suǒluóqīnsīkè	О	luó	2
旧库帕夫纳	старая купавна	jiùkùpàfūnà	А	pà	4
旧鲁萨	старая русса	jiùlǔsà	У	lǔ	3
中科雷姆斯克	среднеколымск	zhōngkēléimǔsīkè	Ы	léi	2
中乌拉尔斯克	среднеуральск	zhōngwūlāěrsīkè	А	lā	1
斯利坚斯克	срЕтенск	sīlìjiānsīkè	Э	lì	4
斯塔里察	старица	sītǎlǐchá	А	tǎ	3
旧奥斯科尔	старый оскол	jiùàosīkēěr	О	kē	1
斯帕斯克达利尼	спасск дальний	sīpàsīkèdálìní	АА	pà_dá	4_2
斯帕斯克-梁赞斯基	спасск рязанский	sīpàsīkèliángzànsījī	АА	pà_zàn	4_4
索先斯基	сосенский	suǒxiānsījī	О	suǒ	3
索斯诺沃博尔斯克	сосновоборск	suǒsīnuòwòbóěrsīkè	ОО	nuò_bó	4_2
索斯诺戈尔斯克	сосногорск	suǒsīnuògēěrsīkè	О	gē	1
索利卡姆斯克	соликамск	suǒlìkǎmǔsīkè	А	kǎ	3
索尔涅奇诺戈尔斯克	солнечногорск	suǒěrnièqínuògēěrsīkè	ОО	suǒ_gē	3_1
苏维埃港	советская гавань	sūwéiāigǎng	Э	wéi	2
苏尔斯克	сурск	sūěrsīkè	У	sū	1
苏苏曼	сусуман	sūsūmàn	А	màn	4
索里维切戈茨斯克	сольвычегодск	suǒlǐwéiqiēgēcísīkè	ОО	suǒ_gē	3_1
索利齐	сольцы	suǒlìqí	Ы	qí	2
索尔斯克	сорск	suǒěrsīkè	О	suǒ	3
索尔塔瓦拉	сортавала	suǒěrtǎwǎlā	ОА	suǒ_wǎ	3_3
斯特鲁尼诺	струнино	sītèlǔnínuò	У	lǔ	3
苏沃洛夫	суворов	sūwòluòfū	О	wò	4
斯帕斯-杰缅斯克	спас деменск	sīpàsījiémiǎnsīkè	АЭ	pà_miǎn	4_3
斯帕斯-克列皮基	спас клепики	sīpàsīkèlièpíjī	АЭ	pà_liè	4_4
斯帕斯克	спасск	sīpàsīkè	А	pà	4
塔尔多姆	талдом	tǎěrduōmǔ	А	tǎ	3
苏希尼奇	сухиничи	sūxīníqí	И	xī	1
苏霍伊洛格	сухой лог	sūhuòyīluògé	ОО	huò_luò	4_4
瑟谢尔季	сысерть	sèxièěrjì	Э	xiè	4
塔鲁萨	таруса	tǎlǔsà	У	lǔ	3
大伊万	большой иван	dàyīwàn	А	wàn	4
塔什塔戈尔	таштагол	tǎshítǎgēěr	О	gē	1
塔利察	талица	tǎlìchá	А	tǎ	3
塔尔科萨列	тарко сале	tǎěrkēsàliè	АЭ	tǎ_sà	3_4
捷姆尼科夫	темников	jiémǔníkēfū	Э	jié	2
苏奥耶尔维	суоярви	sūàoyēěrwéi	УА	sū_yē	1_1
季霍列茨克	тихорецк	jìhuòliècíkè	Э	liè	4
托古钦	тогучин	tuōgǔqīn	И	qīn	1
托马里	томари	tuōmǎlǐ	И	lǐ	3
泰加	тайга	tàijiā	А	jiā	1
托莫特	томмОт	tuōmòtè	О	mò	4
托普基	топки	tuōpǔjī	И	tuō	1
托尔若克	торжок	tuōěrruòkè	О	ruò	4
捷秋希	тетюши	jiéqiūxī	У	qiū	1
季马绍夫斯克	тимашёвск	jìmǎshàofūsīkè	О	shào	4
图伊马济	туймазы	túyīmǎjì	Ы	jì	4
图兰	туран	túlán	А	lán	2
图阿普谢	туапсе	túāpǔxiè	Э	xiè	4
图林斯克	туринск	túlínsīkè	И	lín	2
图塔耶夫	тутаев	tútǎyēfū	А	tǎ	3
乌达奇内	удачный	wūdáqínèi	А	dá	2
乌茹尔	ужУр	wūrúěr	У	rú	2
乌格列戈尔斯克	углегорск	wūgéliègēěrsīkè	О	gē	1
特尔内奥兹	тырныауз	tèěrnèiàozī	А	ào	4
秋卡林斯克	тюкалинск	qiūkǎlínsīkè	И	lín	2
乌瓦罗沃	уварово	wūwǎluówò	А	wǎ	3
乌兹洛瓦亚	узловая	wūzīluòwǎyà	А	wǎ	3
乌拉伊	урай	wūlāyī	А	lā	1
乌连	урень	wūlián	Э	lián	2
乌鲁斯-马尔坦	урус мартан	wūlǔsīmǎěrtǎn	УА	lǔ_tǎn	3_3
乌辛斯克	усинск	wūxīnsīkè	И	xīn	1
斯卢茨克	слуцк	sīlúcíkè	У	lú	2
索利戈尔斯克	солигорск	suǒlìgēěrsīkè	О	gē	1
切尔文	чЕрвень	qièěrwén	Э	qiè	4
平斯克	пинск	píngsīkè	И	píng	2
斯托尔布齐	столбцы	sītuōěrbùqí	Ы	qí	2
乌兹达	узда	wūzīdá	А	dá	2
博布鲁伊斯克	бобруйск	bóbùlǔyīsīkè	У	lǔ	3
巴拉诺维奇	барАновичи	bālānuòwéiqí	А	lā	1
利达	лида	lìdá	И	lì	4
图罗夫	туров	túluófū	У	tú	2
莫济里	мозырь	mòjìlǐ	О	mò	4
休钦	щучин	xiūqīn	У	xiū	1
阿卢普卡	алупка	ālúpǔkǎ	У	lú	2
旧克里木	старый крым	jiùkèlǐmù	Ы	lǐ	3
布拉斯拉夫	брАслав	bùlāsīlāfū	А	lā	1
巴兰	барАнь	bālán	А	lán	2
瓦夫卡维斯克	волковЫск	wǎfūkǎwēisīkē	Ы	wēi	1
奥什米亚内	ошмяны	àoshénmǐyànèi	А	yà	4
什克洛夫	шклов	shíkèluòfū	О	luò	4
伊维耶	ивье	yīwéiyē	И	yī	1
新格鲁多克	новогрудок	xīngélǔduōkè	У	lǔ	3
因克尔曼	инкерман	yīnkèěrmàn	А	màn	4
斯洛尼姆	слоним	sīluònímǔ	О	luò	4
贝霍夫	быхов	bèihuòfū	Ы	bèi	4
罗加乔夫	рогачёв	luójiāqiáofū	О	qiáo	2
卡梅涅茨	каменец	kǎméiniècí	А	kǎ	3
多布鲁什	добруш	duōbùlǔshí	О	duō	1
盖伊	гай	gàiyī	А	gài	4
后贝加尔斯克	забайкальск	hòubèijiāěrsīkè	А	jiā	1
阿金斯科耶	агинское	ājīnsīkēyē	И	jīn	1
车尔尼雪夫斯基	чернышевский	chēěrníxuěfūsījī	Э	xuě	3
乌斯季挪拉	усть нера	wūsījìnuólā	УЭ	wū_nuó	1_2
奥拉	ола	àolā	О	ào	4
克拉斯基诺	краскино	kèlāsījīnuò	А	lā	1
扎鲁比诺	зарубино	zālǔbǐnuò	У	lǔ	3
奥伊米亚康	оймякон	àoyīmǐyàkāng	О	kāng	1
旧拉多加	старая ладога	jiùlāduōjiā	А	lā	1
卡廷	катынь	kǎtíng	Ы	tíng	2
埃索	эссо	āisuǒ	Э	āi	1
斯维亚日斯克	свияжск	sīwéiyàrìsīkè	А	yà	4
阿尔巴特	арбат	āěrbātè	А	bā	1
柳布林诺	люблино	liǔbùlínnuò	О	nuò	4
阿列克谢	алексеевский	ālièkèxiè	Э	xiè	4
柯尼斯堡	кёнигсберг	kēnísībǎo	О	kē	1
伏龙芝	фрунзенский	fúlóngzhī	У	lóng	2
彼得罗维奇	петровичи	bǐdéluówéiqí	О	luó	2
卡梅绍娃亚	камышовая	kǎméishàowáyà	О	shào	4
圣彼得堡	санкт петербург	shèngbǐdébǎo	АУ	shèng_bǎo	4_3
伊克	ик	yīkè	И	yī	1
科尔	колозеро	kēěr	О	kē	1
