sheet_id	sentence_id	sentence_rus	sentence_zho	indices	proper_names	proper_zh
1	0	Открылся 6-й Китайско-российский молодежный форум в формате «Янцзы-Волга»	第六届中俄“长江－伏尔加河”青年论坛开幕	10	Волга	伏尔加河
1	1	16 июля в городе Чанша (административный центр пров. Хунань, Юго-Восточный Китай) открылся 6-й Китайско-российский молодежный форум в формате «Янцзы-Волга». В церемонии открытия приняли участие и обратились с речами к участникам мероприятия член Госсовета КНР Ван Юн и заместитель председателя полномочного представителя Президента РФ в Приволжском федеральном округе Олег Машковцев.	第六届中国长江（中上游地区）和俄罗斯伏尔加河（沿岸联邦区）青年论坛16日在长沙市开幕，国务委员王勇与俄罗斯总统驻伏尔加河沿岸联邦区副全权代表马什科夫采夫出席开幕式并致辞。	20_44_49_50	РФ_Олег_Машковцев	伏尔加河_马什科夫采夫
1	3	«Янцзы-Волга» – первый механизм регионального сотрудничества между Китаем и Россией. Он нацелен на реализацию стратегически важных договоренностей председателя КНР Си Цзиньпина и президента РФ Владимира Путина по поводу развития двусторонних отношений в новую эпоху и расширения сфер прагматического взаимодействия, а также на оптимизацию межрегионального сотрудничества двух сторон. 	“长江－伏尔加河”是中俄首个地方区域性合作机制，其目的是落实习近平主席和普京总统关于两国关系新时代定位和拓展务实合作领域达成的重要共识，并促进两国区域合作。	1_10_24_25_26	Волга_Путина	伏尔加_普京
1	5	Олег Машковцев в своем послании участникам форума отметил, что нынешний молодежный форум «Янцзы-Волга» рассматривается как эффективно действующая и перспективная площадка в деле налаживания связей и сближения молодежи двух стран.	马什科夫采夫在致辞中指出，本届“长江－伏尔加河”青年论坛为俄中青年增进沟通提供了有益平台。	1_2_14	Олег_Машковцев_Волга	马什科夫采夫_伏尔加河
2	2	Благодаря своему уникальному географическому положению и непосредственному соседству с Россией, г. Суйфэньхэ активно развивает китайско-российские межрегиональные спортивные обмены и сотрудничество, предоставляет широкое пространство для различного культурно-спортивного взаимодействия и выступает коммуникационной платформой для спортивных сообществ двух стран.	绥芬河依托毗邻俄罗斯的地缘优势全力推动中俄区域间体育交流合作，为两国体育领域提供广阔的发展空间和交流平台。	10	Россией	俄罗斯
3	3	По итогам соревнования Дмитрий Факирьянов из России и Линь Сюжу из китайского Тайбэя выиграли чемпионат в категории трудности среди мужчин и женщин. Веддрик Леонардо из Индонезии и Тянь Пэйян выиграли чемпионат по скалолазанию в категории скорости среди мужчин и женщин.	最终，来自俄罗斯的德米特里·法基里亚诺夫（Dmitrii Fakirianov）和中国台北的林秀儒获得男子/女子难度赛冠军；印度尼西亚的韦德里克· 莱昂纳多（Veddriq Leonardo）和中国的田沛阳斩获男/女子速度赛冠军。	4_5_7_23_24_26	Дмитрий_Факирьянов	德米特里·法基里亚诺夫
4	4	Президент Федерации стрельбы из лука Приморского края РФ Александр Устимов сказал: «Мы ежегодно принимаем участие в этих соревнованиях, и каждый раз удается добиться новых высоких результатов. 	俄罗斯滨海边疆区射箭联合会主席亚历山大在现场观看了比赛，他说：“我们每年都参加比赛，每次参赛都有新的收获。	8_9_10	РФ_Александр_Устимов	俄罗斯_亚历山大
7	0	В Москве прошел 1-й пленум Совета по делам инвалидности Китайско-российского комитета дружбы, мира и развития	中俄友好、和平与发展委员会残疾人事务理事会第一次全体会议在莫斯科举行	2	Москве	莫斯科
7	2	Среди активных участников встречи - сопредседатель Совета и гендиректор российского Национального центра проблем инвалидности Александр Лысенко, сопредседатель Совета и замглавы Совета управляющих Китайской федерации инвалидов Цзя Юн, а также ректор принимавшего событие вуза Вагиф Байрамов, члены структуры с обеих сторон и представители китайских и российских СМИ.	出席会议的有理事会俄方主席、俄罗斯残疾人问题研究中心董事会主席亚历山大•李森科，中方主席、中国残联副理事长贾勇，以及莫斯科国立人文经济大学校长瓦吉夫•拜拉莫夫、理事会双方成员和中俄媒体代表等。	14_15_33_34	Александр_Лысенко_Вагиф_Байрамов	俄罗斯_亚历山大•李森科_瓦吉夫•拜拉莫夫
7	3	Александр Лысенко рассказал о взаимных визитах и встречах членов Китайско-российского совета по делам инвалидности за 5 лет работы организации, в ходе которых был сформирован механизм тесных контактов и прагматического сотрудничества.	亚历山大•李森科表示，中俄残疾人理事会成立五年来，双方进行过多次互访和会晤，形成了良好的沟通和务实合作机制。	1_2	Александр_Лысенко	亚历山大•李森科
9	5	Руководитель Федерального архивного агентства России А. Н. Артизов заявил, что выставка является прекрасным результатом, плодом тесного и продуктивного сотрудничества между архивными ведомствами России и Китая. 	俄罗斯联邦档案署署长阿尔基佐夫介绍，该展览是俄中两国档案部门合作的“果实”。	5_8_23	России_Артизов_России	俄罗斯_阿尔基佐夫
9	6	В дальнейшем экспонаты данного выставочного мероприятия будут представлены широкой общественности в таких городах, как Владивосток, Москва и др.	未来，这些展品将在俄罗斯符拉迪沃斯托克、莫斯科等城市展出。	15_16	Владивосток_Москва	俄罗斯_符拉迪沃斯托克
10	6	Концерт открылся «Вальсом цветов» знаменитого русского композитора П. И. Чайковского. 	音乐会在著名的俄罗斯音乐大师柴可夫斯基的代表作《花之圆舞曲》旋律中拉开帷幕。	10	Чайковского	柴可夫斯基
11	0	Успешно завершился второй этап акции для детей-аутистов из Китая «Красное знамя – реабилитация и дельфинотерапия в Сочи»	第二期中国孤独症儿童“红旗•索契海豚康复之行”圆满结束	17	Сочи	索契
11	6	В ходе комплексных тренировок и занятий администрация Сочи провела переговоры с представителями Китайского фонда благосостояния инвалидов. Стороны достигли договоренностей в таких сферах, как подготовка профессионалов по освоению методики дельфинотерации, активизация научных обменов между специалистами двух стран в сфере изучения аутизма, развитие долгосрочного сотрудничества по лечению китайских и российских детей-аутистов и т.д.	本次康复训练期间，索契市政府与中国残疾人福利基金会举行会谈，就海豚康复训练技术培训、中俄孤独症专家学术交流、两国孤独症儿童康复治疗长期合作等方面并达成合作意向。	8	Сочи	索契
12	0	Китайский студент стал лауреатом XVI Международного музыкального конкурса имени П. И. Чайковского по специальности «Медные духовые инструменты»	中国选手获柴可夫斯基国际音乐比赛铜管组别第一名	12	Чайковского	柴可夫斯基
12	1	С 17 по 29 июня в Москве и Санкт-Петербурге прошёл XVI Международный музыкальный конкурс им. П. И. Чайковского, главная цель которого – выявление новых талантов. 	6月17日至29日，第十六届柴可夫斯基国际音乐比赛在俄罗斯莫斯科和圣彼得堡同时举行。比赛旨在发掘年轻音乐家。	5_7_16	Москве_Санкт-Петербурге_Чайковского	柴可夫斯基_俄罗斯_莫斯科_圣彼得堡
12	15	Они вместе с Конкурсом пианистов им. Шопена и Конкурсом им. королевы Елизаветы создают тройку самых авторитетных на планете соревнований по исполнению классической музыки.	柴赛与肖邦国际钢琴比赛、伊丽莎白女王音乐比赛并称为世界最权威的三大古典音乐赛事。	7_12	Шопена_Елизаветы	伊丽莎白
13	3	22 июня стало известно, что Анастасия Андрюнина из московской школы №1517 обошла своих соперников и единственная показала высшие 100 баллов по китайскому языку. 	6月22日，来自莫斯科第1517中学的安娜斯塔西娅·安德柳宁超过其他考生，成为了唯一一位在中文科目中取得满分的考生。	5_6	Анастасия_Андрюнина	安娜斯塔西娅·安德柳宁超
13	4	С успехом прилежную ученицу поздравил мэр Москвы Сергей Собянин.	莫斯科市长谢尔盖·索伯扬宁祝贺了这位勤奋的学生。	7_8_9	Москвы_Сергей_Собянин	谢尔盖·索伯扬宁
13	6	Сергей Кравцов, руководитель Федеральной службы по надзору в сфере образования и науки РФ (Рособрнадзор) сообщил, что средний балл по китайскому языку внушает оптимизм и ещё больше радует, что есть одна «100-балльница».	俄罗斯联邦教育科学监督局局长谢尔盖•克拉夫佐夫表示，中文的平均分数令人鼓舞，他很高兴有人考出了“100分”。	1_2_13	Сергей_Кравцов_РФ	谢尔盖•克拉夫佐夫
13	7	Анастасии Андрюниной 18 лет. С 6 лет Анастасия с родителями проживала в Китае, а затем вернулась в Россию и продолжила обучение в средней школе, продолжая изучать китайский язык.	阿纳斯塔西娅•安德柳宁今年18岁。从6岁开始便跟随父母到中国生活，之后返回俄罗斯并继续学习中文。	1_2_6_16	Анастасии_Андрюниной_Анастасия_Россию	阿纳斯塔西娅•安德柳宁_俄罗斯
13	11	До этого Анастасия подала документы для поступления в Московский институт международных отношений и Санкт-Петербургский государственный университет и рассмотрит все варианты	阿纳斯塔西娅也同时向莫斯科国际关系学院和圣彼得堡国立大学递交了申请材料。	3	Анастасия	阿纳斯塔西娅
14	4	Эксперт Российского института стратегических исследований Вячеслав Холодков отметил, что на встрече министров финансов и руководителей центральных банков «Большой двадцати», состоявшейся в начале июня, Всемирный банк и Международный валютный фонд сделали предупреждение о замедлении темпов роста глобальной экономки. По их словам, это обусловлено расширением сферы торгового конфликта. 	俄罗斯战略研究所专家维切斯拉夫·霍洛德科夫表示，6月初举行的G20财长和央行行长会议上，世界银行和国际货币基金组织就全球经济增长放缓的前景已发出警告，认定贸易争端范围扩大是罪魁祸首。	6_7	Вячеслав_Холодков	维切斯拉夫·霍洛德科夫
14	6	Эксперт Российского института стратегических исследований Михаил Беляев отметил, что в настоящее время интеллектуализация мировой промышленности развивается с неудержимой силой. В связи с этим, общественность с нетерпением ожидает, какие результаты будут достигнуты по этому вопросу на нынешнем саммите.	俄罗斯战略研究所专家别利亚耶夫表示，目前，全球工业智能化的发展势不可挡，G20峰会就此议题将达成哪些成果，另人期待。	6_7	Россия_Беляев	俄罗斯_别利亚耶夫
14	7	Доцент Российского университета дружбы народов Олег Тимофеев отметил, что Россия и Китай выступают против протекционизма в любых формах, в том числе и в экономической сфере, и в торговой сфере - против торговых ограничений в любой форме. В решении глобальных проблем государства решительно защищают мультилатерализм и признают ведущую роль ВТО.	俄人民友谊大学副教授奥列格·季莫费耶夫表示，中俄双方反对任何形式的保护主义，其中既包括经济领域，也包括贸易领域，反对任何形式的贸易限制，在解决全球问题中坚决维护多边主义，承认世界贸易组织的主导地位。	6_7_10	Олег_Тимофеев	奥列格·季莫费耶夫
15	6	Советник посольства России в КНР, руководитель российского культурного центра в Пекине (РКЦ) Ольга Мельникова отметила, что в современном мире добрососедские отношения между странами являются гарантией устойчивого и успешного развития. Гуманитарное сотрудничество играет важную роль в поддержании этих отношений, важнейшим направлением является сотрудничество в области науки и образования. 	俄罗斯联邦驻华大使馆参赞、北京俄罗斯文化交流中心主任奥莉加‧梅利尼科娃表示，在现代世界中，各国之间的陸邻友好关系是可持续和成功发展的保证，而人文合作在维持这种关系方面发挥着重要作用，最重要方向是科学和教育的合作。	3_13_14	России_Ольга_Мельникова	奥莉加‧梅利尼科娃
18	0	За более чем 4 часа ежегодной прямой линии Владимир Путин ответил на 81 вопрос	普京与民众连线：4个多小时回答81个问题 	8_9	Путин	普京
19	6	Во время ЭКСПО города-побратимы Хэйхэ и Благовещенск также выразили намерение расширять и укреплять сотрудничество, в таких сферах, как «зеленое» сельское хозяйство, разработка и добыча полезных ископаемых, туризм и гостеприимство, медицинские услуги и лечебно-реабилитационная деятельность и т. д.	中俄双子城黑河与俄罗斯布拉戈维申斯克也在博览会上表示要在众多领域扩大和开展合作，包括绿色农业、矿产开发、旅游接待、医疗服务和康养等。	6_8	Россия_Благовещенск	俄罗斯_布拉戈维申斯克
1	2	По мнению политологов, кандидат от КПРФ Павел Грудинин обгонит лидера ЛДПР Владимира Жириновского.	据政治学家们表示，俄共推举的候选人格鲁季宁的支持率将超过俄自民党主席日里诺夫斯基。	7_8_12_13	Грудинин_Жириновского	格鲁季宁_日里诺夫斯基
1	3	17 процентов голосов. Для Грудинина, по данным соцопросов, такой результат не достижим. По последним данным ВЦИОМ, Грудинин не сможет получить больше 10-14 процентов голосов.	社会调查显示，格鲁季宁甚至无法得到百分之17的民众选票，据全俄（社会）舆论研究中心最新数据表明，格鲁季宁的最终得票率将不会超过10％ - 14％	4_16	Грудинина_Грудинин	格鲁季宁_格鲁季宁
1	4	Большой ошибкой Грудинина был отказ от участия в дебатах. - считает глава Фонда развития гражданского общества Константин Костин.	该基金会董事会主席科斯京认为，格鲁季宁退出选前辩论是一个极大的错误。	3_16_17	Грудинина_Костин	格鲁季宁_科斯京
1	5	Жириновский сможет повторить успех 2012 года и четвертое место на выборах, по мнению политологов, достанется Ксении Собчак. 	日里诺夫斯基也许会再现2012年的得票率(6.22%），而索布恰克或将排名第四位。	1_15_16	Жириновский_Ксении_Собчак	日里诺夫斯基_索布恰克
2	1	«Моя река: Антон Чехов был здесь в 1890 году» – это первое художественное произведение, совместно подготовленное администрациями городов Хэйхэ (Китай) и Благовещенск (Россия) в честь Годов межрегионального сотрудничества РФ и КНР (2018-2019), официальное открытие которых состоялось в Харбине 7 февраля.	《星河：1890契诃夫曾来过》是由黑河市与布拉戈维申斯克市联合推出的献礼2018-2019中俄地方合作交流年的首部文艺作品。	3_4_20_21_27	Чехов_Благовещенск	契诃夫_布拉戈维申斯克
9	0	В Казани открылось генконсульство КНР	中国驻喀山总领馆正式开馆 !	2	Казани	喀山
9	4	Утром прошел дождь. Это хороший знак. Дождь питает землю и помогает расти нашему дереву — китайско-российской дружбе. Как живописны и необычайно красивы летние пейзажи Казани.	早晨下了雨，这是一个好兆头。雨滋养大地，润生中俄友谊之树。喀山夏季的独特景致美如画卷。	25	Казани	喀山
9	5	Дождь у нас тоже хорошая примета. Если какое-то дело начинается с дождем, это «хэерле сэгатьтэ» («в благой час», — прим. ред.), — сказал Рустам Минниханов.	雨是美好的象征。如果某件事开始前下了雨，这就意味着“天时”，明尼哈诺夫说道。	22_23	Рустам_Минниханов	明尼哈诺夫
9	6	Рассказала руководитель Агентства инвестиционного развития РТ Талия Минуллина, что есть проекты в разработке, связанные с сервисами, — это строительство медицинского центра в Казани и китайского ресторана. А в эту сторону надо работать, так как китайская медицина — серьезный инструмент для развития медицинского туризма.	鞑靼斯坦共和国投资发展机构的塔利亚·米卢丽娜表示，服务方面的项目正在开发，也就是在喀山建设医疗中心和中餐厅。这方面仍需努力，因为中医是发展医疗旅游的重要途径。	8_22	Минуллина	塔利亚·米卢丽娜
1	2	За законопроект было подано 247 голосов при минимально необходимых 226. Автором инициативы выступил лидер Радикальной партии Олег Ляшко. 	 该法案以247票赞成被通过，所需最低票数为226票。该法案的提出者是乌克兰“激进党”领导人奥列格·利亚什科。	15_16	Олег_Ляшко	奥列格·利亚什科
3	0	 Песков: руководство РФ пока не приняло решения об экономических мерах в отношении Грузии	佩斯科夫：俄领导层尚未决定对格鲁吉亚实施经济制裁	1_3	Песков_РФ	佩斯科夫
3	2	"Естественно, такая жесткая реакция российских парламентариев, причем абсолютное единодушие в этой позиции, которую они заняли на фоне беспрецедентного поведения грузинского телеведущего", - в беседе с журналистами оценил пресс-секретарь президента России Дмитрий Песков принятие Госдумой заявления по Грузии. 	谈到俄国家杜马通过的对格宣言问题时，俄罗斯总统新闻秘书德米特里·佩斯科夫向记者表示：“显然，俄罗斯议员强烈反应和一致立场与格鲁吉亚电视台主持人前所未有的行为有关”。	29_30_31	России_Дмитрий_Песков	俄罗斯_德米特里·佩斯科夫
5	1	В 17 лет Анна Кузина поступила на восточный факультет СПбГУ, следом получила степень магистра в Пекинском университете, после чего в китайском университете политики и права защитила докторскую по юридическим наукам. 	  安娜·库辛娜17岁时进入圣彼得堡国立大学东方系学习，后来在北京大学获得硕士学位，之后又获得中国政法大学法学博士学位。	3_9	Анна_Кузина	安娜·库辛娜
5	4	В Китае Анна Кузина встретила будущего супруга, родила двух дочек-близнецов.	在中国，安娜遇到了自己现在的丈夫，并有了一对双胞胎女儿。	3_4	Анна	安娜
6	2	 Сообщается, что накануне Петербургского экономического форума главный исполнительный директор Huawei Го Пин и министр цифрового развития и связи РФ Константин Носков обсуждали возможных переход китайских смартфонов на российский софт в связи с санкциями со стороны США.	报道称，圣彼得堡经济论坛前夕，华为轮值CEO郭平与俄罗斯数字发展、通信和大众传媒部部长康斯坦丁·诺斯科夫已就华为手机受美国制裁影响可能转用俄罗斯系统一事进行了商论。	4_19_20_21	Константин_Носков	康斯坦丁·诺斯科夫
6	3	Замену Android может составить российская ОС «Аврора», созданная на базе финской ОС Sailfish и принадлежащая компании «Ростелеком» и бизнесмену Григорию Березкину, пишет The Bell со ссылкой на источники, знакомые с ситуацией.	The Bell网站援引知情人士消息报道，操作系统“极光”（Aurora）可能会替代安卓系统，这款系统在芬兰“旗鱼”（Sailfish）操作系统基础上开发而成，其所有者是俄罗斯电信公司和企业家格里高利·别列兹金。	7_20_21	Аврора_Григорию_Березкину	格里高利·别列兹金
8	5	Общая касса фильма Антона Мегердичева после шести дней достигла 30,91 млн юаней или $4,48 млн. Это пятый результат для всех российских фильмов в Китае и третий для игрового кино.	这部由安东·梅格迪契夫执导的影片上映六天即斩获3091万元人民币（448万美元）票房，这一成绩在中国上映的所有俄罗斯影片中排名第五，竞技题材影片中排名第三。	4_5	Антона_Мегердичева	安东·梅格迪契夫
9	1	4 августа – GLAS. Профессиональный востоковед и полиглот Евгения Тихонова заявила, что российским туристам не стоит бояться ехать в Китай из-за языкового барьера. 	俄罗斯GLAS新闻网站8月4日报道，精通多国语言的东方学家叶甫盖尼娅·季霍诺娃认为，俄罗斯人不用因为语言障碍就害怕前往中国。	7_8	Евгения_Тихонова	叶甫盖尼娅·季霍诺娃
9	5	Евгения Тихонова посоветовала путешественникам, которые хотя бы минимально владеют английским, передвигаться в пределах туристической зоны Китая, так как именно там минимума знания английского будет вполне достаточно, а знание китайского и вовсе не требуется. 	叶甫盖尼娅·季霍诺娃建议游客们，哪怕只会最简单的英语，也可以去中国的景区游玩，因为在那里英语已经足够了，完全不需要懂汉语。	1_2	Евгения_Тихонова	叶甫盖尼娅·季霍诺娃
1	1	В.Путин: Дорогие друзья! Приветствую всех гостей легендарного московского стадиона «Лужники», всех, кто собрался в многочисленных фан-зонах чемпионата мира FIFA, кто видит нас на телеэкранах или в интернете. 	  普京：亲爱的朋友们！ 欢迎莫斯科卢日尼基体育场的所有来宾，欢迎所有观众席上的球迷们，欢迎电视机前及电脑前的球迷们。	2_11	Путин_Москва_Лужники	普京_莫斯科_卢日尼基
3	1	МОСКВА, 9 июля. /ТАСС/. Депутат заксобрания Владимирской области Павел Антов, чей доход составил в 2018 году 9,97 млрд рублей, занял первое место в рейтинге 100 богатейших госслужащих и депутатов России, который во вторник опубликован на сайте российского издания Forbes." Список возглавил депутат заксобрания Владимирской области Павел Антов - основатель группы компаний "Владимирский стандарт".	塔斯社报道，福布斯在本周二发布了“俄罗斯政府工作人员收入”排行榜。排在榜首的是弗拉基米尔州立法会议议员巴维尔·安托夫，弗拉基米尔标准集团公司创始人帕维尔·安多夫集团的创始人。	1_8_9_26_42_43	МОСКВА_Павел_Антов_России_Павел_Антов	巴维尔·安托夫
3	3	На второй позиции в списке оказался депутат Законодательного собрания Челябинской области Константин Струков - президент "Южуралзолото Группа компаний". 	排名第二的是车里雅宾斯克州的立法会议议员康斯坦丁·斯特鲁科夫，他也是南乌拉尔采金生产联合公司 (Yuzhuralzoloto)的所有人之一。	12_13	Константин_Струков	康斯坦丁·斯特鲁科夫
3	4	Forbes оценивает состояние Струкова в 4,5 млрд рублей.	据福布斯评估，斯特鲁科夫去年资产为45亿卢布（约合人民币4.84亿元）。	4	Струкова	斯特鲁科夫
3	5	На третьем месте рейтинга - депутат Белгородской областной думы Сергей Гусев, который владеет кондитерской фабрикой "Славянка".	排名第三的是别尔哥罗德州的杜马议员，斯拉维扬卡(Slavyanka)甜食制品厂厂长谢尔盖·古谢夫。	9_10	Славянка_Сергей_Гусев	斯拉维扬卡_谢尔盖·古谢夫
3	7	На четвертом месте расположился член Совета Федерации и совладелец "Океанрыбфлота", одного из крупнейших рыбопромышленных предприятий Камчатки, Валерий Пономарев. Его состояние оценивается в 2,4 млрд рублей.	排名第四的是联邦会议议员瓦列里·波诺马廖夫，他的收入为24亿卢布。	16_17_18	Валерий_Пономарев	瓦列里·波诺马廖夫
3	8	На пятой строчке - депутат Госдумы Григорий Аникеев с 2,3 млрд рублей.	第五名是国家杜马议员格里高利·阿尼克耶夫，23亿卢布。	6_7	Григорий_Аникеев	格里高利·阿尼克耶夫
4	1	На 20-й Международной конференции по физике «Физика связанных состояний свет-вещество в наноструктурах» (International Conference on Physics of Light-Matter Coupling in Nanostructures, (PLMCN) научный директор оптической лаборатории, профессор Университета Вестлэйк （Westlake University ）Алексей Кавокин отметил, что Китай и Россия поддерживают активное сотрудничество в области квантовых вычислений, страны добились быстрого прогресса в совместных исследованиях квантовых вычислений с использованием полупроводниковых компонентов. 	在莫斯科举行的第20届纳米结构中光与物质相互作用物理国际会议期间，西湖大学光学实验室科学主任阿列克谢·卡沃金教授表示，中俄科学家在量子技术领域积极合作，在半导体量子计算联合研究方面更是突飞猛进。	34_35_40	Москва_Алексей_Кавокин	莫斯科_阿列克谢·卡沃金
4	2	«Национальный исследовательский технологический университет РФ, Российский квантовый центр и китайский Университет Вестлэйк поддерживают активное сотрудничество в области квантовых технологий. В настоящее время страны совместно развивают полупроводниковую платформу для квантовых вычислений», - отметил Кавокин.	卡沃金说：“俄罗斯国家研究型工艺技术大学、俄罗斯量子中心与西湖大学在量子技术领域积极合作。其中，正在联合发展半导体量子计算平台。”	5_32	Кавокин	卡沃金
7	2	Премьер-министр РФ Дмитрий Медведев 29 января подписал постановление правительства, по которому молоко и молочные продукты должны продаваться в магазинах с пометкой, что в них не содержится заменителей молочного жира.	俄总理梅德韦杰夫于1月29日签署政府命令：不含乳脂替代品的牛奶及乳制品外包装应有相应标注。	2_3_4	Медведев	梅德韦杰夫
17	5	На форуме председатель Русско-Азиатского Союза промышленников и предпринимателей Виталий Манкевич в интервью газете «Жэньминь жибао» отметил, что внутреннее потребление стало важной движущей силой экономического роста в Китае, обширный потребительский рынок предоставляет большие возможности для российских товаров. 	论坛上，俄罗斯亚洲工业企业家联合会主席曼科维奇对本报记者表示，中国的国内消费已经成为拉动经济增长的重要动力，广阔的消费市场为俄罗斯商品进入中国提供了巨大机遇。	10_11	Россия_Манкевич	俄罗斯_曼科维奇
17	9	Запущены три производственные линии по сжижению газа завода «Ямал», в работе которого принимает участие Китай. Кроме этого, ожидается, что символические проекты по взаимной связи, а именно трансграничный железнодорожный мост Нижнеленинское – Тунцзян, автомобильный мост Благовещенск – Хэйхэ и восточная линия китайско-российского газопровода, будут запущены до конца этого года. 	中方参与北极开发合作的示范项目——亚马尔液化天然气三条生产线全部投产，两国互联互通标志性工程——同江铁路桥和黑河公路桥陆续合龙，东线天然气管道项目有望年内投产。	9_34	Ямал	亚马尔
17	11	Нынешний российско-китайский бизнес-форум привлек к участию представителей администраций более 10 областей РФ, в том числе Московской, Орловской и Смоленской областей. Это в полной мере свидетельствует о том, что правительства административных единиц России придают особое значение торгово-экономическому сотрудничеству с Китаем. 	此次俄中商务论坛吸引了包括莫斯科州、奥廖尔州、斯摩棱斯克州等俄罗斯10多个地区的政府代表参加，足见俄罗斯地方政府对与中国进行经贸合作的重视。	13_17_18_20_33	РФ_Московской_Орловской_Смоленской_России	莫斯科_奥廖尔_斯摩棱斯克
17	13	Манкевич считает, что в последние несколько лет китайские предприятия сосредоточивают свои инвестиции в России в таких сферах, как машиностроение, биотехнология и медицина. 	曼科维奇认为，最近几年中国企业在俄罗斯投资逐渐聚焦机械制造、生物科技、医疗等领域。	1_14	Манкевич_России	曼科维奇
17	16	«Мы создали информационную интернет-платформу для экспортеров и импортеров. На одной из встреч предпринимателей участники обсуждали темы, связанные с Китаем, в связи с этим мы запустили платформу, предоставляющую услуги на китайском языке, а также представили двухмерный штрих-код для пользователей WeChat», - отметила советник заместителя президента Сбербанка Наталья. 	“我们为出口商和进口商搭建了一个了解彼此信息的互联网平台。在一个俄罗斯企业家的会议上，大家总在谈论与中国有关的话题，于是我们开发了平台的中文服务，还引进了微信二维码。”俄罗斯储蓄银行副总裁顾问娜塔莉亚向记者介绍。	47	Наталья	俄罗斯_娜塔莉亚
8	1	СЕВЕРОМОРСК /Мурманская область/, 3 июля. /ТАСС/. 	塔斯社摩尔曼斯克州北莫尔斯克7月3日电   	1_2	Североморск_Мурманская	摩尔曼斯克_北莫尔斯克
8	2	Первым из горящего отсека глубоководного аппарата ВМФ РФ подводники эвакуировали гражданского, задраив за ним люк, чтобы не допустить распространения пожара. Об этом сообщил министр обороны Сергей Шойгу.	俄罗斯国防部部长谢尔盖·绍伊古称，首先从俄罗斯海军深潜器起火舱中被疏散出来的是公民，随后（潜艇艇员）关闭了舱门，以防火灾蔓延。	8_26_27	Сергей_Шойгу	谢尔盖·绍伊古
10	5	По словам генерального директора Московского зоопарка Светланы Акуловой, онлайн-трансляции помогут лучше узнать бамбуковых медведей.	莫斯科动物园总经理斯韦特兰娜·阿库洛娃表示，在线直播有助于公众更好地了解大熊猫。	7_8	Светланы_Акуловой	斯韦特兰娜·阿库洛娃
14	1	Журналистка Ольга Кузьменкова изложила в Facebook свою версию, из-за чего ее вместе с супругом Павлом Борисовым уволили из лондонской редакции «Би-би-си», где они работали редакторами.	女记者奥莉加·库兹缅科娃在Facebook上对于自己和丈夫帕维尔·鲍里索夫被从BBC伦敦编辑部辞退给出了自己的说法，夫妇俩本来都在这家媒体担任编辑。	2_3_15_16	Ольга_Кузьменкова_Павлом_Борисовым	奥莉加·库兹缅科娃_帕维尔·鲍里索夫
14	2	По словам журналистки, Борисов пришел на работу, но числился вне штата, что вызывало негативное отношение со стороны его новых коллег. 	女记者说，鲍里索夫来工作，但属于编外人员，这使得他的新同事不满。	4	Борисов	鲍里索夫
14	3	Начальство предупреждало его о возможном прессинге со стороны других сотрудников, что в итоге и произошло, пишет Кузьменкова.	库兹缅科娃写道，上级提前提醒过他有可能受到来自其他同事的压力，这也最终发生了。	17	Кузьменкова	库兹缅科娃
16	2	Российская молочная продукция является одним из наиболее перспективных товаров для поставок на рынок Китая. Об этом в понедельник в беседе с корреспондентом ТАСС на полях VI Российско-китайского ЭКСПО в Харбине заявил руководитель пекинского офиса консалтинговой группы "Окно в Китай" Александр Зайнигабдинов.	俄罗斯“中国之窗”咨询集团有限公司北京代表处负责人亚历山大·扎尼加布迪诺夫周一在第六届中俄博览会现场与塔斯社记者的对话中称，俄罗斯乳制品是销往中国市场的最具前景的商品之一。	41_42	Александр_Зайнигабдинов	亚历山大·扎尼加布迪诺夫
16	5	"Взять, к примеру, Уссурийский молокозавод, - продолжил эксперт. - Из Уссурийска до границы ехать час. 	“以乌苏里奶制品工厂为例，”专家继续道，“从乌苏里斯克到边境开车只需一个小时。	4_9	Уссурийский_Уссурийска	乌苏里
16	7	По словам Зайнигабдинова, производители других стран мира по такой схеме работать не смогут. "	根据扎尼加布迪诺夫的说法，其他国家的生产商无法这样工作。	3	Зайнигабдинова	扎尼加布迪诺夫
17	2	Китай занимает первое место среди стран, откуда в Москву приезжают больше всего туристов, сообщила начальник управления туризма комитета по туризму Москвы Екатерина Борисова.	莫斯科旅游委员会旅游局局长叶卡捷琳娜·鲍里索娃称，中国游客赴莫斯科旅游的人数位居首位。	9_21_22_23	Москву_Москвы_Екатерина_Борисова	莫斯科_叶卡捷琳娜·鲍里索娃
17	7	Екатерина Проничева привела, в частности, убедительный пример. В прошлом году во время чемпионата мира по футболу в Москву приехало более 2 миллионов туристов.	叶卡捷琳娜·普罗尼切娃尤其给了一个令人信服的例子。去年世界杯期间超过200万的游客来到莫斯科。	1_2_18	Екатерина_Проничева_Москву	叶卡捷琳娜·普罗尼切娃_莫斯科
17	9	Но и без чемпионата в Москву есть за чем приехать, говорила Проничева. 	普罗尼切娃说，就算没有在莫斯科举办的世界杯，也有来莫斯科的理由。	6_12	Москву_Проничева	普罗尼切娃
19	5	По словам Акимова, сейчас решается самый существенный вопрос — с частотами, частотным диапазоном, конверсией частотного спектра. 	阿基莫夫称，现正在解决5G网频率、频段和频谱转换这一根本问题。	3	Акимова	阿基莫夫
8	11	В Западной Сибири вымирают сразу несколько наречий селькупского языка: на южном и центральном говорят по 5 человек.	还有在西西伯利亚谢尔库普语的几种方言也很快就要消失：在南部和中部都只有5个人在讲这种语言。	3	Сибири	西伯利亚
12	30	Исследователь Е.И. Волкова называет одной из таких причин русское православие. 	研究员E.I.沃尔科娃认为其中一个原因是俄罗斯东正教，东正教的神父曾警告人们笑声是魔鬼的工具。	4	Волкова	沃尔科娃
5	0	Богатейший бизнесмен России Алишер Усменов сфокусируется на Китае	俄富豪乌斯马诺夫瞄准中国市场	3_4_8	России_Алишер_Усменов	乌斯马诺夫
5	6	В 2014 году Усманов в интервью американскому телеканалу CNBC оценил доходность своих инвестиций в китайский онлайн-ритейлер Alibaba, как превышающий 500%. 	2014年，乌斯马诺夫在接受美国CNBC频道采访时表示，他在中国电子商务巨头阿里巴巴的投资已经取得超过500%的回报。	3	Усманов	乌斯马诺夫
8	1	Китай и Россия создают единую платформу трансграничной электронной торговли. Об этом заявил торговый представитель России в КНР Алексей Груздев на Первом российско-китайском форуме трансграничной электронной торговли, который проходит 6 мая в городе Чжэньцзян провинции Цзянсу.	俄罗斯驻华商务代表阿列克谢·格鲁兹杰夫6日在江苏镇江举行的首届中俄跨境电商大会上表示，俄中就建立跨境电商统一服务平台达成一致，并签署了一揽子合作协议。	3_15_18_19	Россия_России_Алексей_Груздев	俄罗斯_阿列克谢·格鲁兹杰夫
9	1	Принадлежащий холдингу Газпром-медиа телеканал ТНТ продал права на производство одного из своих самых популярных ситкомов Интерны китайской медиакомпании JSBC. Об этом сообщает Коммерсант со ссылкой на гендиректора группы развлекательного ТВ Газпром-медиа Артура Джанибекяна.	日前，俄罗斯《生意人报》援引TNT喜剧电视台总经理阿尔图尔·扎尼别克杨的话称， “俄气传媒”麾下TNT电视台已将热播情景喜剧《实习医生》的翻拍权出售给江苏省广播电视总台（集团）（以下简称“江苏省广电集团”）。	32_33	Артура_Джанибекяна	阿尔图尔·扎尼别克杨
9	3	По словам Джани бекяна, в последние годы компания JSBC развивает направление телепроизводства.	扎尼别克杨称，近年来，江苏省广电集团大力拓展电视产品制作。	3_4	Джанибекяна	扎尼别克杨
10	1	Цены на билеты на матчи чемпионата мира по футболу 2018 года, который пройдет в России, станут известны в конце июня, об этом в четверг заявил генеральный директор оргкомитета "Россия-2018" Алексей Сорокин.	俄罗斯2018年世界杯足球赛组委会首席执行官阿列克谢 索罗金周四表示，将于2018年在俄罗斯举行的世界杯足球赛门票价格将于六月底公布。	14_28_29_30	России_Россия_Алексей_Сорокин	俄罗斯_阿列克谢_索罗金
10	2	Ранее председатель оргкомитета "Россия-2018" Виталий Мутко заявлял, что билетная программа ЧМ-2018 будет опубликована в октябре, заявив, что российская сторона пытается убедить ФИФА ввести четвертую категорию билетов, которые будут распространяться только среди граждан РФ и подразумевать разумные цены.	俄罗斯2018年世界杯足球赛组委会主席维塔利 穆特科此前曾表示，2018年世界杯门票方案将于10月公布，称俄方正试图说服国际足联实行只针对俄罗斯公民、价格更合理的第四档门票的销售。	4_5_6_33	Россия_Виталий_Мутко_РФ	俄罗斯_维塔利_穆特科
10	6	"Но это не значит, что цена просто скопируется. Все цены, в том числе на четвертую категорию, решает ФИФА. Это их прерогатива", добавил Сорокин.	索罗金说："但这不意味着只是简单地效仿。包括第四类门票在内的所有球票价格均由国际足联决定，这是他们的特权。"	23	Сорокин	索罗金
10	7	Чемпионат мира пройдет с 14 июня по 15 июля 2018 года на12 стадионах в 11 городах России: Москве, Калининграде, Санкт-Петербурге, Волгограде, Казани, Нижнем Новгороде, Самаре, Саранске, Ростове-на-Дону, Сочи и Екатеринбурге.	俄罗斯世界杯足球赛将于2018年6月14日至7月15日在俄罗斯11个城市的12个球场举行。这11个城市是莫斯科、加里宁格勒、圣彼得堡、伏尔加格勒、喀山、下诺夫哥罗德、萨马拉、萨兰斯克、顿河畔罗斯托夫、索契和叶卡捷琳堡。	12_13_14_15_16_17_19_20_21_22_23_25	России_Москве_Калининграде_Санкт-Петербурге_Волгограде_Казани_Новгороде_Самаре_Саранске_Ростове-на-Дону_Сочи_Екатеринбурге	俄罗斯_莫斯科_加里宁格勒_圣彼得堡_伏尔加格勒_喀山_下诺夫哥罗德_萨马拉_萨兰斯克_顿河畔罗斯托夫_索契_叶卡捷琳堡
