	sheet_id	sentence_id	sentence_rus	sentence_zho	proper_names	proper_zh	wordlist	jieba	pku	stanford
0	1	0	Открылся 6-й Китайско-российский молодежный форум в формате «Янцзы-Волга»	第六届中俄“长江－伏尔加河”青年论坛开幕	Волга	伏尔加河	伏尔加河_	第六届_中_俄_“_长江_－_伏尔加河_”_青年_论坛_开幕	第六_届_中_俄_“_长江_－伏尔加河_”_青年_论坛_开幕	第六_届_中_俄_“_长江_－_伏尔加河_”_青年_论坛_开幕
1	1	1	16 июля в городе Чанша (административный центр пров. Хунань, Юго-Восточный Китай) открылся 6-й Китайско-российский молодежный форум в формате «Янцзы-Волга». В церемонии открытия приняли участие и обратились с речами к участникам мероприятия член Госсовета КНР Ван Юн и заместитель председателя полномочного представителя Президента РФ в Приволжском федеральном округе Олег Машковцев.	第六届中国长江（中上游地区）和俄罗斯伏尔加河（沿岸联邦区）青年论坛16日在长沙市开幕，国务委员王勇与俄罗斯总统驻伏尔加河沿岸联邦区副全权代表马什科夫采夫出席开幕式并致辞。	РФ_Олег_Машковцев	伏尔加河_马什科夫采夫	伏尔加河_马什科夫_采夫_	第六届_中国_长江_（_中上游_地区_）_和_俄罗斯_伏尔加河_（_沿岸_联邦区_）_青年_论坛_16_日_在_长沙市_开幕_，_国务委员_王勇_与_俄罗斯_总统_驻_伏尔加河_沿岸_联邦区_副_全权代表_马_什科夫_采夫_出席_开幕式_并_致辞_。	第六_届_中国_长江_（_中上游_地区_）_和_俄罗斯_伏尔加河_（_沿岸_联邦区_）_青年_论坛_16日_在_长沙市_开幕_，_国务委员_王勇_与_俄罗斯_总统_驻伏尔_加河_沿岸_联邦区_副全权_代表_马什科夫采夫_出席_开幕式_并_致辞_。	第六_届_中国_长江_（_中上游_地区_）_和_俄罗斯_伏尔加河_（_沿岸_联邦区_）_青年_论坛_16日_在_长沙市_开幕_，_国务_委员_王勇_与_俄罗斯_总统_驻_伏尔加河_沿岸_联邦区_副_全权_代表_马什科夫采夫_出席_开幕式_并_致辞_。
2	1	3	«Янцзы-Волга» – первый механизм регионального сотрудничества между Китаем и Россией. Он нацелен на реализацию стратегически важных договоренностей председателя КНР Си Цзиньпина и президента РФ Владимира Путина по поводу развития двусторонних отношений в новую эпоху и расширения сфер прагматического взаимодействия, а также на оптимизацию межрегионального сотрудничества двух сторон. 	“长江－伏尔加河”是中俄首个地方区域性合作机制，其目的是落实习近平主席和普京总统关于两国关系新时代定位和拓展务实合作领域达成的重要共识，并促进两国区域合作。	Волга_Путина	伏尔加_普京	伏尔加河_普京_	“_长江_－_伏尔加河_”_是_中_俄_首个_地方_区域性_合作_机制_，_其_目的_是_落实_习近平_主席_和普京_总统_关于_两国关系_新_时代_定位_和_拓展_务实_合作_领域_达成_的_重要_共识_，_并_促进_两_国_区域合作_。	“_长江_－伏尔加河_”_是_中_俄_首_个_地方_区域性_合作_机制_，_其_目的_是_落实_习近平_主席_和_普京_总统_关于_两_国_关系_新时代_定位_和_拓展_务实_合作_领域_达成_的_重要_共识_，_并_促进_两_国_区域_合作_。	“_长江_－_伏尔加河_”_是_中_俄_首_个_地方_区域性_合作_机制_，_其_目的_是_落实_习近平_主席_和_普京_总统_关于_两_国_关系_新_时代_定位_和_拓展_务实_合作_领域_达成_的_重要_共识_，_并_促进_两_国_区域_合作_。
3	1	5	Олег Машковцев в своем послании участникам форума отметил, что нынешний молодежный форум «Янцзы-Волга» рассматривается как эффективно действующая и перспективная площадка в деле налаживания связей и сближения молодежи двух стран.	马什科夫采夫在致辞中指出，本届“长江－伏尔加河”青年论坛为俄中青年增进沟通提供了有益平台。	Олег_Машковцев_Волга	马什科夫采夫_伏尔加河	伏尔加河_	马_什科夫_采夫_在_致辞_中_指出_，_本届_“_长江_－_伏尔加河_”_青年_论坛_为_俄_中青年_增进_沟通_提供_了_有益_平台_。	马什科夫采夫_在_致辞_中_指出_，_本届_“_长江_－伏尔加河_”_青年_论坛_为_俄_中青年_增进_沟通_提供_了_有益_平台_。	马什科夫采夫_在_致辞_中_指出_，_本_届_“_长江_－_伏尔加河_”_青年_论坛_为_俄_中_青年_增进_沟通_提供_了_有益_平台_。
4	2	2	Благодаря своему уникальному географическому положению и непосредственному соседству с Россией, г. Суйфэньхэ активно развивает китайско-российские межрегиональные спортивные обмены и сотрудничество, предоставляет широкое пространство для различного культурно-спортивного взаимодействия и выступает коммуникационной платформой для спортивных сообществ двух стран.	绥芬河依托毗邻俄罗斯的地缘优势全力推动中俄区域间体育交流合作，为两国体育领域提供广阔的发展空间和交流平台。	Россией	俄罗斯	俄罗斯_	绥芬河_依托_毗邻_俄罗斯_的_地缘_优势_全力_推动_中_俄_区域间_体育_交流_合作_，_为_两国_体育_领域_提供_广阔_的_发展_空间_和_交流平台_。	绥芬河_依托_毗邻_俄罗斯_的_地缘_优势_全力_推动_中_俄_区域_间_体育_交流_合作_，_为_两_国_体育_领域_提供_广阔_的_发展_空间_和_交流_平台_。	绥芬河_依托_毗邻_俄罗斯_的_地缘_优势_全力_推动_中_俄_区域_间_体育_交流_合作_，_为_两_国_体育_领域_提供_广阔_的_发展_空间_和_交流_平台_。
5	3	3	По итогам соревнования Дмитрий Факирьянов из России и Линь Сюжу из китайского Тайбэя выиграли чемпионат в категории трудности среди мужчин и женщин. Веддрик Леонардо из Индонезии и Тянь Пэйян выиграли чемпионат по скалолазанию в категории скорости среди мужчин и женщин.	最终，来自俄罗斯的德米特里·法基里亚诺夫（Dmitrii Fakirianov）和中国台北的林秀儒获得男子/女子难度赛冠军；印度尼西亚的韦德里克· 莱昂纳多（Veddriq Leonardo）和中国的田沛阳斩获男/女子速度赛冠军。	Дмитрий_Факирьянов	德米特里_法基里亚诺夫	基里亚诺夫_里克_	最终_，_来自_俄罗斯_的_德米特里_·_法_基里亚_诺夫_（_Dmitrii_ _Fakirianov_）_和_中国台北_的_林秀儒_获得_男子_/_女子_难度_赛_冠军_；_印度尼西亚_的_韦德_里克_·_ _莱昂纳多_（_Veddriq_ _Leonardo_）_和_中国_的_田沛阳_斩获_男_/_女子_速度_赛_冠军_。	最终_，_来自_俄罗斯_的_德米特里·法基里亚诺夫_（_Dmitrii_Fakirian_ov_）_和_中国_台北_的_林秀儒_获得_男子_/_女子_难度赛_冠军_；_印度尼西亚_的_韦德里克·_莱昂纳多_（_Veddriq_Leonardo_）_和_中国_的_田_沛阳_斩获_男_/_女子_速度赛_冠军_。	最终_，_来自_俄罗斯_的_德米特里·法基里亚诺夫_（_Dmitrii_Fakirianov_）_和_中国_台北_的_林秀儒_获得_男子_/_女子_难度_赛_冠军_；_印度尼西亚_的_韦德_里克·_莱昂纳多_（_Veddriq_Leonardo_）_和_中国_的_田沛阳_斩获_男_/_女子_速度_赛_冠军_。
6	4	4	Президент Федерации стрельбы из лука Приморского края РФ Александр Устимов сказал: «Мы ежегодно принимаем участие в этих соревнованиях, и каждый раз удается добиться новых высоких результатов. 	俄罗斯滨海边疆区射箭联合会主席亚历山大在现场观看了比赛，他说：“我们每年都参加比赛，每次参赛都有新的收获。	РФ_Александр_Устимов	俄罗斯_亚历山大	亚历山大_加比_	俄罗斯_滨海_边疆区_射箭_联合会_主席_亚历山大_在_现场_观看_了_比赛_，_他_说_：_“_我们_每年_都_参加_比赛_，_每次_参赛_都_有_新_的_收获_。	俄罗斯_滨海_边_疆区_射箭_联合会_主席_亚历山大_在_现场_观看_了_比赛_，_他_说_：_“_我们_每年_都_参加_比赛_，_每次_参赛_都_有_新_的_收获_。	俄罗斯_滨海_边疆区_射箭_联合会_主席_亚历山大_在_现场_观看_了_比赛_，_他_说_：_“_我们_每年_都_参加_比赛_，_每次_参赛_都_有_新的_收获_。
7	7	0	В Москве прошел 1-й пленум Совета по делам инвалидности Китайско-российского комитета дружбы, мира и развития	中俄友好、和平与发展委员会残疾人事务理事会第一次全体会议在莫斯科举行	Москве	莫斯科		中_俄_友好_、_和平_与_发展_委员会_残疾人_事务_理事会_第一次_全体会议_在_莫斯科_举行	中_俄_友好_、_和平_与_发展_委员会_残疾人_事务_理事会_第一_次_全体_会议_在_莫斯科_举行	中俄_友好_、_和平_与_发展_委员会_残疾人_事务_理事会_第一_次_全体_会议_在_莫斯科_举行
8	7	2	Среди активных участников встречи - сопредседатель Совета и гендиректор российского Национального центра проблем инвалидности Александр Лысенко, сопредседатель Совета и замглавы Совета управляющих Китайской федерации инвалидов Цзя Юн, а также ректор принимавшего событие вуза Вагиф Байрамов, члены структуры с обеих сторон и представители китайских и российских СМИ.	出席会议的有理事会俄方主席、俄罗斯残疾人问题研究中心董事会主席亚历山大•李森科，中方主席、中国残联副理事长贾勇，以及莫斯科国立人文经济大学校长瓦吉夫•拜拉莫夫、理事会双方成员和中俄媒体代表等。	Александр_Лысенко_Вагиф_Байрамов	俄罗斯_亚历山大_李森科_瓦吉夫_拜拉莫夫	亚历山大_拜拉莫夫_	出席会议_的_有_理事会_俄方_主席_、_俄罗斯_残疾人_问题_研究_中心_董事会_主席_亚历山大_•_李森科_，_中方_主席_、_中国残联_副理事长_贾勇_，_以及_莫斯科_国立_人文_经济_大学校长_瓦吉夫_•_拜_拉莫夫_、_理事会_双方_成员_和_中_俄_媒体_代表_等_。	出席_会议_的_有_理事会_俄方_主席_、_俄罗斯_残疾人_问题_研究_中心_董事会_主席_亚历山大•李森科_，_中方_主席_、_中国_残联_副_理事长_贾勇_，_以及_莫斯科_国立_人文_经济_大学_校长_瓦吉夫•拜拉莫夫_、_理事会_双方_成员_和_中_俄_媒体_代表_等_。	出席_会议_的_有_理事会_俄方_主席_、_俄罗斯_残疾人_问题_研究_中心_董事会_主席_亚历山大_•_李森科_，_中方_主席_、_中国_残联_副理事长_贾勇_，_以及_莫斯科_国立_人文_经济_大学_校长_瓦吉夫_•_拜拉莫夫_、_理事会_双方_成员_和_中俄_媒体_代表_等_。
9	7	3	Александр Лысенко рассказал о взаимных визитах и встречах членов Китайско-российского совета по делам инвалидности за 5 лет работы организации, в ходе которых был сформирован механизм тесных контактов и прагматического сотрудничества.	亚历山大•李森科表示，中俄残疾人理事会成立五年来，双方进行过多次互访和会晤，形成了良好的沟通和务实合作机制。	Александр_Лысенко	亚历山大_李森科	亚历山大_	亚历山大_•_李森科_表示_，_中_俄_残疾人_理事会_成立_五年_来_，_双方_进行_过_多次_互访_和_会晤_，_形成_了_良好_的_沟通_和_务实_合作_机制_。	亚历山大•李森科_表示_，_中_俄_残疾人_理事会_成立_五_年_来_，_双方_进行_过_多次_互访_和_会晤_，_形成_了_良好_的_沟通_和_务实_合作_机制_。	亚历山大_•_李森科_表示_，_中_俄_残疾人_理事会_成立_五_年_来_，_双方_进行_过_多次_互访_和_会晤_，_形成_了_良好_的_沟通_和_务实_合作_机制_。
10	9	5	Руководитель Федерального архивного агентства России А. Н. Артизов заявил, что выставка является прекрасным результатом, плодом тесного и продуктивного сотрудничества между архивными ведомствами России и Китая. 	俄罗斯联邦档案署署长阿尔基佐夫介绍，该展览是俄中两国档案部门合作的“果实”。	России_Артизов_России	俄罗斯_阿尔基佐夫	俄罗斯联邦_阿尔_	俄罗斯联邦_档案_署_署长_阿尔基_佐夫_介绍_，_该_展览_是_俄中_两国_档案_部门_合作_的_“_果实_”_。	俄罗斯_联邦_档案署_署长_阿尔基佐夫_介绍_，_该_展览_是_俄_中_两_国_档案_部门_合作_的_“_果实_”_。	俄罗斯_联邦_档案_署_署长_阿尔基佐夫_介绍_，_该_展览_是_俄中_两_国_档案_部门_合作_的_“_果实_”_。
11	9	6	В дальнейшем экспонаты данного выставочного мероприятия будут представлены широкой общественности в таких городах, как Владивосток, Москва и др.	未来，这些展品将在俄罗斯符拉迪沃斯托克、莫斯科等城市展出。	Владивосток_Москва	俄罗斯_符拉迪沃斯托克	符拉迪沃斯托克_	未来_，_这些_展品_将_在_俄罗斯_符拉迪沃斯托克_、_莫斯科_等_城市_展出_。	未来_，_这些_展品_将_在_俄罗斯_符拉迪沃斯托克_、_莫斯科_等_城市_展出_。	未来_，_这些_展品_将_在_俄罗斯_符_拉迪沃斯托克_、_莫斯科_等_城市_展出_。
12	10	6	Концерт открылся «Вальсом цветов» знаменитого русского композитора П. И. Чайковского. 	音乐会在著名的俄罗斯音乐大师柴可夫斯基的代表作《花之圆舞曲》旋律中拉开帷幕。	Чайковского	柴可夫斯基	柴可夫斯基_	音乐会_在_著名_的_俄罗斯_音乐大师_柴可夫斯基_的_代表作_《_花_之_圆舞曲_》_旋律_中_拉开帷幕_。	音乐会_在_著名_的_俄罗斯_音乐_大师_柴可夫斯基_的_代表作_《_花_之_圆_舞曲_》_旋律_中_拉开_帷幕_。	音乐会_在_著名_的_俄罗斯_音乐_大师_柴可夫斯基_的_代表作_《_花_之_圆舞曲_》_旋律_中_拉开_帷幕_。
13	11	0	Успешно завершился второй этап акции для детей-аутистов из Китая «Красное знамя – реабилитация и дельфинотерапия в Сочи»	第二期中国孤独症儿童“红旗•索契海豚康复之行”圆满结束	Сочи	索契	索契_	第二期_中国_孤独症_儿童_“_红旗_•_索契_海豚_康复_之_行_”_圆满结束	第二_期_中国_孤独症_儿童_“_红旗•索契_海豚_康复_之_行_”_圆满_结束	第二_期_中国_孤独症_儿童_“_红旗_•_索契_海豚_康复_之_行_”_圆满_结束
14	11	6	В ходе комплексных тренировок и занятий администрация Сочи провела переговоры с представителями Китайского фонда благосостояния инвалидов. Стороны достигли договоренностей в таких сферах, как подготовка профессионалов по освоению методики дельфинотерации, активизация научных обменов между специалистами двух стран в сфере изучения аутизма, развитие долгосрочного сотрудничества по лечению китайских и российских детей-аутистов и т.д.	本次康复训练期间，索契市政府与中国残疾人福利基金会举行会谈，就海豚康复训练技术培训、中俄孤独症专家学术交流、两国孤独症儿童康复治疗长期合作等方面并达成合作意向。	Сочи	索契	索契_基金_	本次_康复训练_期间_，_索契_市政府_与_中国残疾人福利基金会_举行会谈_，_就_海豚_康复训练_技术培训_、_中_俄_孤独症_专家_学术交流_、_两_国_孤独症_儿童_康复_治疗_长期_合作_等_方面_并_达成_合作意向_。	本次_康复_训练_期间_，_索契_市政府_与_中国_残疾人_福利_基金会_举行_会谈_，_就_海豚_康复_训练_技术_培训_、_中_俄_孤独症_专家_学术_交流_、_两_国_孤独症_儿童_康复_治疗_长期_合作_等_方面_并_达成_合作_意向_。	本_次_康复_训练_期间_，_索契_市政府_与_中国_残疾人_福利_基金会_举行_会谈_，_就_海豚_康复_训练_技术_培训_、_中_俄_孤独症_专家_学术_交流_、_两_国_孤独症_儿童_康复_治疗_长期_合作_等_方面_并_达成_合作_意向_。
15	12	0	Китайский студент стал лауреатом XVI Международного музыкального конкурса имени П. И. Чайковского по специальности «Медные духовые инструменты»	中国选手获柴可夫斯基国际音乐比赛铜管组别第一名	Чайковского	柴可夫斯基	柴可夫斯基_	中国_选手_获_柴可夫斯基_国际_音乐_比赛_铜管_组别_第一名	中国_选手_获_柴可夫斯基_国际_音乐_比赛_铜管_组别_第一_名	中国_选手_获_柴可夫斯基_国际_音乐_比赛_铜管_组别_第一_名
16	12	1	С 17 по 29 июня в Москве и Санкт-Петербурге прошёл XVI Международный музыкальный конкурс им. П. И. Чайковского, главная цель которого – выявление новых талантов. 	6月17日至29日，第十六届柴可夫斯基国际音乐比赛在俄罗斯莫斯科和圣彼得堡同时举行。比赛旨在发掘年轻音乐家。	Москве_Санкт-Петербурге_Чайковского	柴可夫斯基_俄罗斯_莫斯科_圣彼得堡	柴可夫斯基_圣彼得堡_	6_月_17_日至_29_日_，_第十六届_柴可夫斯基_国际_音乐_比赛_在_俄罗斯_莫斯科_和_圣彼得堡_同时_举行_。_比赛_旨在_发掘_年轻_音乐家_。	6月_17日_至_29日_，_第十六_届_柴可夫斯基_国际_音乐_比赛_在_俄罗斯_莫斯科_和_圣彼得堡_同时_举行_。_比赛_旨在_发掘_年轻_音乐家_。	6月_17日_至_29日_，_第十六_届_柴可夫斯基_国际_音乐_比赛_在_俄罗斯_莫斯科_和_圣彼得堡_同时_举行_。_比赛_旨_在_发掘_年轻_音乐家_。
17	12	15	Они вместе с Конкурсом пианистов им. Шопена и Конкурсом им. королевы Елизаветы создают тройку самых авторитетных на планете соревнований по исполнению классической музыки.	柴赛与肖邦国际钢琴比赛、伊丽莎白女王音乐比赛并称为世界最权威的三大古典音乐赛事。	Шопена_Елизаветы	伊丽莎白	伊丽莎白_大古_	柴赛_与_肖邦_国际_钢琴_比赛_、_伊丽莎白_女王_音乐_比赛_并_称为_世界_最_权威_的_三大_古典音乐_赛事_。	柴赛_与_肖邦_国际_钢琴_比赛_、_伊丽莎白_女王_音乐_比赛_并称_为_世界_最_权威_的_三大_古典_音乐_赛事_。	柴_赛_与_肖邦_国际_钢琴_比赛_、_伊丽莎白_女王_音乐_比赛_并称_为_世界_最_权威_的_三_大_古典_音乐_赛事_。
18	13	3	22 июня стало известно, что Анастасия Андрюнина из московской школы №1517 обошла своих соперников и единственная показала высшие 100 баллов по китайскому языку. 	6月22日，来自莫斯科第1517中学的安娜斯塔西娅·安德柳宁超过其他考生，成为了唯一一位在中文科目中取得满分的考生。	Анастасия_Андрюнина	安娜斯塔西娅_安德柳宁超	斯塔西_	6_月_22_日_，_来自_莫斯科_第_1517_中学_的_安娜_斯塔西娅_·_安德柳宁_超过_其他_考生_，_成为_了_唯一_一位_在_中文_科目_中_取得_满分_的_考生_。	6月_22日_，_来自_莫斯科_第1517_中学_的_安娜斯塔西娅·安德柳宁_超过_其他_考生_，_成为_了_唯一_一_位_在_中文_科目_中_取得_满分_的_考生_。	6月_22日_，_来自_莫斯科_第_1517_中学_的_安娜_斯塔西娅·安德_柳宁_超过_其他_考生_，_成为_了_唯一_一_位_在_中文_科目_中_取得_满分_的_考生_。
19	13	4	С успехом прилежную ученицу поздравил мэр Москвы Сергей Собянин.	莫斯科市长谢尔盖·索伯扬宁祝贺了这位勤奋的学生。	Москвы_Сергей_Собянин	谢尔盖_索伯扬宁	谢尔盖_	莫斯科_市长_谢尔盖_·_索伯扬宁_祝贺_了_这位_勤奋_的_学生_。	莫斯科_市长_谢尔盖·索伯_扬宁_祝贺_了_这位_勤奋_的_学生_。	莫斯科_市长_谢尔盖·索伯扬_宁_祝贺_了_这_位_勤奋_的_学生_。
20	13	6	Сергей Кравцов, руководитель Федеральной службы по надзору в сфере образования и науки РФ (Рособрнадзор) сообщил, что средний балл по китайскому языку внушает оптимизм и ещё больше радует, что есть одна «100-балльница».	俄罗斯联邦教育科学监督局局长谢尔盖•克拉夫佐夫表示，中文的平均分数令人鼓舞，他很高兴有人考出了“100分”。	Сергей_Кравцов_РФ	谢尔盖_克拉夫佐夫	俄罗斯联邦_克拉夫佐夫_	俄罗斯联邦_教育_科学_监督局_局长_谢尔盖_•_克拉夫_佐夫_表示_，_中文_的_平均_分数_令人鼓舞_，_他_很_高兴_有人_考出_了_“_100_分_”_。	俄罗斯_联邦_教育_科学_监督局_局长_谢尔盖•克拉夫佐夫_表示_，_中文_的_平均_分数_令人鼓舞_，_他_很_高兴_有人_考出_了_“_100分_”_。	俄罗斯_联邦_教育_科学_监督局_局长_谢尔盖_•_克拉夫_佐夫_表示_，_中文_的_平均_分数_令_人_鼓舞_，_他_很_高兴_有_人_考_出_了_“_100_分_”_。
21	13	7	Анастасии Андрюниной 18 лет. С 6 лет Анастасия с родителями проживала в Китае, а затем вернулась в Россию и продолжила обучение в средней школе, продолжая изучать китайский язык.	阿纳斯塔西娅•安德柳宁今年18岁。从6岁开始便跟随父母到中国生活，之后返回俄罗斯并继续学习中文。	Анастасии_Андрюниной_Анастасия_Россию	阿纳斯塔西娅_安德柳宁_俄罗斯	阿纳斯塔西娅_俄罗斯_	阿纳_斯塔西娅_•_安德柳宁_今年_18_岁_。_从_6_岁_开始_便_跟随_父母_到_中国_生活_，_之后_返回_俄罗斯_并_继续_学习_中文_。	阿纳斯塔西娅•安德_柳宁_今年_18_岁_。_从_6_岁_开始_便_跟随_父母_到_中国_生活_，_之后_返回_俄罗斯_并_继续_学习_中文_。	阿纳斯塔西娅_•_安德_柳宁_今年_18_岁_。_从_6_岁_开始_便_跟随_父母_到_中国_生活_，_之后_返回_俄罗斯_并_继续_学习_中文_。
22	13	11	До этого Анастасия подала документы для поступления в Московский институт международных отношений и Санкт-Петербургский государственный университет и рассмотрит все варианты	阿纳斯塔西娅也同时向莫斯科国际关系学院和圣彼得堡国立大学递交了申请材料。	Анастасия	阿纳斯塔西娅	阿纳斯塔西娅_圣彼得堡_	阿纳_斯塔西娅_也_同时_向_莫斯科_国际关系学院_和_圣彼得堡_国立大学_递交_了_申请材料_。	阿纳斯塔西娅_也_同时_向_莫斯科_国际_关系_学院_和_圣彼得堡_国立_大学_递交_了_申请_材料_。	阿纳斯塔西娅_也_同时_向_莫斯科_国际_关系_学院_和_圣彼得堡_国立_大学_递交_了_申请_材料_。
23	14	4	Эксперт Российского института стратегических исследований Вячеслав Холодков отметил, что на встрече министров финансов и руководителей центральных банков «Большой двадцати», состоявшейся в начале июня, Всемирный банк и Международный валютный фонд сделали предупреждение о замедлении темпов роста глобальной экономки. По их словам, это обусловлено расширением сферы торгового конфликта. 	俄罗斯战略研究所专家维切斯拉夫·霍洛德科夫表示，6月初举行的G20财长和央行行长会议上，世界银行和国际货币基金组织就全球经济增长放缓的前景已发出警告，认定贸易争端范围扩大是罪魁祸首。	Вячеслав_Холодков	维切斯拉夫_霍洛德科夫	霍洛德科夫_基金_	俄罗斯_战略_研究所_专家_维切_斯拉夫_·_霍洛德_科夫_表示_，_6_月初_举行_的_G20_财长_和_央行_行长_会议_上_，_世界银行_和_国际货币基金组织_就_全球_经济_增长_放缓_的_前景_已_发出_警告_，_认定_贸易_争端_范围_扩大_是_罪魁祸首_。	俄罗斯_战略_研究所_专家_维切斯拉夫·霍洛德科夫_表示_，_6月_初_举行_的_G20_财长_和_央行_行长_会议_上_，_世界_银行_和_国际_货币_基金_组织_就_全球_经济_增长_放缓_的_前景_已_发出_警告_，_认定_贸易_争端_范围_扩大_是_罪魁祸首_。	俄罗斯_战略_研究所_专家_维切_斯拉夫·霍洛德_科夫_表示_，_6月_初_举行_的_G20_财长_和_央行_行长_会议_上_，_世界_银行_和_国际_货币_基金_组织_就_全球_经济_增长_放缓_的_前景_已_发出_警告_，_认定_贸易_争端_范围_扩大_是_罪魁祸首_。
24	14	6	Эксперт Российского института стратегических исследований Михаил Беляев отметил, что в настоящее время интеллектуализация мировой промышленности развивается с неудержимой силой. В связи с этим, общественность с нетерпением ожидает, какие результаты будут достигнуты по этому вопросу на нынешнем саммите.	俄罗斯战略研究所专家别利亚耶夫表示，目前，全球工业智能化的发展势不可挡，G20峰会就此议题将达成哪些成果，另人期待。	Россия_Беляев	俄罗斯_别利亚耶夫	别利亚耶夫_	俄罗斯_战略_研究所_专家_别_利亚_耶夫_表示_，_目前_，_全球_工业_智能化_的_发展_势不可挡_，_G20_峰会_就此_议题_将_达成_哪些_成果_，_另人_期待_。	俄罗斯_战略_研究所_专家_别利亚耶夫_表示_，_目前_，_全球_工业_智能化_的_发展_势不可挡_，_G20_峰会_就此_议题_将_达成_哪些_成果_，_另人_期待_。	俄罗斯_战略_研究所_专家_别利亚耶夫_表示_，_目前_，_全球_工业_智能化_的_发展_势不可挡_，_G_20_峰会_就_此_议题_将_达成_哪些_成果_，_另_人_期待_。
25	14	7	Доцент Российского университета дружбы народов Олег Тимофеев отметил, что Россия и Китай выступают против протекционизма в любых формах, в том числе и в экономической сфере, и в торговой сфере - против торговых ограничений в любой форме. В решении глобальных проблем государства решительно защищают мультилатерализм и признают ведущую роль ВТО.	俄人民友谊大学副教授奥列格·季莫费耶夫表示，中俄双方反对任何形式的保护主义，其中既包括经济领域，也包括贸易领域，反对任何形式的贸易限制，在解决全球问题中坚决维护多边主义，承认世界贸易组织的主导地位。	Олег_Тимофеев	奥列格_季莫费耶夫	季莫费耶夫_	俄_人民_友谊大学_副教授_奥列格_·_季莫费_耶夫_表示_，_中_俄_双方_反对_任何_形式_的_保护主义_，_其中_既_包括_经济_领域_，_也_包括_贸易_领域_，_反对_任何_形式_的_贸易_限制_，_在_解决_全球_问题_中_坚决_维护_多边_主义_，_承认_世界贸易组织_的_主导地位_。	俄_人民_友谊_大学_副教授_奥列格·季莫费耶夫_表示_，_中_俄_双方_反对_任何_形式_的_保护主义_，_其中_既_包括_经济_领域_，_也_包括_贸易_领域_，_反对_任何_形式_的_贸易_限制_，_在_解决_全球_问题_中_坚决_维护_多边主义_，_承认_世界_贸易_组织_的_主导_地位_。	俄_人民_友谊_大学_副_教授_奥列格·季莫费耶夫_表示_，_中_俄_双方_反对_任何_形式_的_保护_主义_，_其中_既_包括_经济_领域_，_也_包括_贸易_领域_，_反对_任何_形式_的_贸易_限制_，_在_解决_全球_问题_中_坚决_维护_多边主义_，_承认_世界_贸易_组织_的_主导_地位_。
26	15	6	Советник посольства России в КНР, руководитель российского культурного центра в Пекине (РКЦ) Ольга Мельникова отметила, что в современном мире добрососедские отношения между странами являются гарантией устойчивого и успешного развития. Гуманитарное сотрудничество играет важную роль в поддержании этих отношений, важнейшим направлением является сотрудничество в области науки и образования. 	俄罗斯联邦驻华大使馆参赞、北京俄罗斯文化交流中心主任奥莉加‧梅利尼科娃表示，在现代世界中，各国之间的陸邻友好关系是可持续和成功发展的保证，而人文合作在维持这种关系方面发挥着重要作用，最重要方向是科学和教育的合作。	России_Ольга_Мельникова	奥莉加‧梅利尼科娃	俄罗斯联邦_俄罗斯_奥莉加_科学_	俄罗斯联邦_驻华_大使馆_参赞_、_北京_俄罗斯_文化_交流中心_主任_奥莉加_‧_梅利_尼科娃_表示_，_在_现代_世界_中_，_各国_之间_的_陸邻_友好关系_是_可_持续_和_成功_发展_的_保证_，_而_人文_合作_在_维持_这种_关系_方面_发挥_着_重要_作用_，_最_重要_方向_是_科学_和_教育_的_合作_。	俄罗斯_联邦_驻华_大使馆_参赞_、_北京_俄罗斯_文化_交流_中心_主任_奥莉加‧_梅利尼科娃_表示_，_在_现代_世界_中_，_各国_之间_的_陸邻_友好_关系_是_可_持续_和_成功_发展_的_保证_，_而_人文_合作_在_维持_这种_关系_方面_发挥_着_重要_作用_，_最_重要_方向_是_科学_和_教育_的_合作_。	俄罗斯_联邦_驻华_大使馆_参赞_、_北京_俄罗斯_文化_交流_中心_主任_奥莉加‧梅利尼科娃_表示_，_在_现代_世界_中_，_各_国_之间_的_陸邻_友好_关系_是_可持续_和_成功_发展_的_保证_，_而_人文_合作_在_维持_这_种_关系_方面_发挥_着_重要_作用_，_最_重要_方向_是_科学_和_教育_的_合作_。
27	18	0	За более чем 4 часа ежегодной прямой линии Владимир Путин ответил на 81 вопрос	普京与民众连线：4个多小时回答81个问题 	Путин	普京	普京_	普京_与_民众_连线_：_4_个_多_小时_回答_81_个_问题_ 	普京_与_民众_连线_：_4_个_多_小时_回答_81_个_问题	普京_与_民众_连线_：_4_个_多_小时_回答_81_个_问题
28	19	6	Во время ЭКСПО города-побратимы Хэйхэ и Благовещенск также выразили намерение расширять и укреплять сотрудничество, в таких сферах, как «зеленое» сельское хозяйство, разработка и добыча полезных ископаемых, туризм и гостеприимство, медицинские услуги и лечебно-реабилитационная деятельность и т. д.	中俄双子城黑河与俄罗斯布拉戈维申斯克也在博览会上表示要在众多领域扩大和开展合作，包括绿色农业、矿产开发、旅游接待、医疗服务和康养等。	Россия_Благовещенск	俄罗斯_布拉戈维申斯克	布拉戈维申斯克_	中_俄_双子_城_黑河_与_俄罗斯_布拉戈维申斯克_也_在_博览会_上_表示_要_在_众多_领域_扩大_和_开展_合作_，_包括_绿色_农业_、_矿产_开发_、_旅游_接待_、_医疗_服务_和_康养_等_。	中_俄_双子城_黑河_与_俄罗斯_布拉戈维申斯克_也_在_博览会_上_表示_要_在_众多_领域_扩大_和_开展_合作_，_包括_绿色_农业_、_矿产_开发_、_旅游_接待_、_医疗_服务_和_康养_等_。	中俄_双子_城_黑河_与_俄罗斯_布拉戈维申斯克_也_在_博览会_上_表示_要_在_众多_领域_扩大_和_开展_合作_，_包括_绿色_农业_、_矿产_开发_、_旅游_接待_、_医疗_服务_和_康养_等_。
29	1	2	По мнению политологов, кандидат от КПРФ Павел Грудинин обгонит лидера ЛДПР Владимира Жириновского.	据政治学家们表示，俄共推举的候选人格鲁季宁的支持率将超过俄自民党主席日里诺夫斯基。	Грудинин_Жириновского	格鲁季宁_日里诺夫斯基	格鲁季宁_夫斯基_	据_政治学家_们_表示_，_俄共_推举_的_候选人_格鲁季宁_的_支持率_将_超过_俄_自民党_主席_日里诺夫斯基_。	据_政治学家_们_表示_，_俄共_推举_的_候选人_格鲁季宁_的_支持率_将_超过_俄_自民党_主席_日里诺夫斯基_。	据_政治_学家们_表示_，_俄共_推举_的_候选人_格鲁_季_宁_的_支持率_将_超过_俄_自民党_主席_日_里诺夫斯基_。
30	1	3	17 процентов голосов. Для Грудинина, по данным соцопросов, такой результат не достижим. По последним данным ВЦИОМ, Грудинин не сможет получить больше 10-14 процентов голосов.	社会调查显示，格鲁季宁甚至无法得到百分之17的民众选票，据全俄（社会）舆论研究中心最新数据表明，格鲁季宁的最终得票率将不会超过10％ - 14％	Грудинина_Грудинин	格鲁季宁_格鲁季宁	格鲁季宁_季宁_	社会_调查_显示_，_格鲁季宁_甚至_无法_得到_百分之_17_的_民众_选票_，_据全_俄_（_社会_）_舆论_研究_中心_最新_数据_表明_，_格鲁季宁_的_最终_得票率_将_不会_超过_10_％_ _-_ _14_％	社会_调查_显示_，_格鲁季宁_甚至_无法_得到_百分之17_的_民众_选票_，_据_全_俄_（_社会_）_舆论_研究_中心_最_新_数据_表明_，_格鲁季宁_的_最终_得票率_将_不_会_超过_10％_-_14％	社会_调查_显示_，_格鲁_季_宁_甚至_无法_得到_百分之17_的_民众_选票_，_据_全_俄_（_社会_）_舆论_研究_中心_最新_数据_表明_，_格鲁_季_宁_的_最终_得票率_将_不_会_超过_10％_-_14％
31	1	4	Большой ошибкой Грудинина был отказ от участия в дебатах. - считает глава Фонда развития гражданского общества Константин Костин.	该基金会董事会主席科斯京认为，格鲁季宁退出选前辩论是一个极大的错误。	Грудинина_Костин	格鲁季宁_科斯京	格鲁季宁_	该_基金会_董事会_主席_科斯_京_认为_，_格鲁季宁_退出_选前_辩论_是_一个_极大_的_错误_。	该_基金会_董事会_主席_科斯京_认为_，_格鲁季宁_退出_选_前_辩论_是_一个_极_大_的_错误_。	该_基金会_董事会_主席_科斯_京_认为_，_格鲁_季宁_退出_选_前_辩论_是_一_个_极_大_的_错误_。
32	1	5	Жириновский сможет повторить успех 2012 года и четвертое место на выборах, по мнению политологов, достанется Ксении Собчак. 	日里诺夫斯基也许会再现2012年的得票率(6.22%），而索布恰克或将排名第四位。	Жириновский_Ксении_Собчак	日里诺夫斯基_索布恰克	夫斯基_恰克_	日里诺夫斯基_也许_会_再现_2012_年_的_得票率_(_6.22%_）_，_而索布_恰克_或_将_排名_第四位_。	日里诺夫斯基_也许_会_再现_2012年_的_得票率_(_6.22%_）_，_而_索布_恰克_或_将_排名_第四_位_。	日里诺夫斯基_也许_会_再_现_2012年_的_得票率_(_6.22%_）_，_而_索布恰克_或将_排名_第四_位_。
33	2	1	«Моя река: Антон Чехов был здесь в 1890 году» – это первое художественное произведение, совместно подготовленное администрациями городов Хэйхэ (Китай) и Благовещенск (Россия) в честь Годов межрегионального сотрудничества РФ и КНР (2018-2019), официальное открытие которых состоялось в Харбине 7 февраля.	《星河：1890契诃夫曾来过》是由黑河市与布拉戈维申斯克市联合推出的献礼2018-2019中俄地方合作交流年的首部文艺作品。	Чехов_Благовещенск	契诃夫_布拉戈维申斯克	布拉戈维申斯克_	《_星河_：_1890_契诃夫_曾来_过_》_是_由_黑河市_与_布拉戈维申斯克_市_联合推出_的_献礼_2018_-_2019_中_俄_地方_合作_交流_年_的_首部_文艺作品_。	《_星河_：_1890_契诃夫_曾_来_过_》_是_由_黑河市_与_布拉戈维申斯克市_联合_推出_的_献礼_2018-2019_中_俄_地方_合作_交流年_的_首_部_文艺_作品_。	《_星河_：_1890_契诃夫_曾_来_过_》_是_由_黑河市_与_布拉戈维申斯克市_联合_推出_的_献礼_2018-2019_中_俄_地方_合作_交流_年_的_首部_文艺_作品_。
34	9	0	В Казани открылось генконсульство КНР	中国驻喀山总领馆正式开馆 !	Казани	喀山		中国_驻_喀山_总领馆_正式_开馆_ _!	中国_驻_喀山_总领馆_正式_开馆_!	中国_驻_喀山_总领馆_正式_开馆_!
35	9	4	Утром прошел дождь. Это хороший знак. Дождь питает землю и помогает расти нашему дереву — китайско-российской дружбе. Как живописны и необычайно красивы летние пейзажи Казани.	早晨下了雨，这是一个好兆头。雨滋养大地，润生中俄友谊之树。喀山夏季的独特景致美如画卷。	Казани	喀山		早晨_下_了_雨_，_这是_一个_好_兆头_。_雨_滋养_大地_，_润生_中_俄_友谊_之树_。_喀山_夏季_的_独特_景致_美如画_卷_。	早晨_下_了_雨_，_这是_一个_好兆_头_。_雨_滋养_大地_，_润生_中_俄_友谊_之_树_。_喀山_夏季_的_独特_景致_美_如_画卷_。	早晨_下了_雨_，_这_是_一_个_好_兆头_。_雨_滋养_大地_，_润生_中_俄_友谊_之_树_。_喀山_夏季_的_独特_景致_美如_画卷_。
36	9	5	Дождь у нас тоже хорошая примета. Если какое-то дело начинается с дождем, это «хэерле сэгатьтэ» («в благой час», — прим. ред.), — сказал Рустам Минниханов.	雨是美好的象征。如果某件事开始前下了雨，这就意味着“天时”，明尼哈诺夫说道。	Рустам_Минниханов	明尼哈诺夫	诺夫_	雨_是_美好_的_象征_。_如果_某件事_开始_前下_了_雨_，_这_就_意味着_“_天时_”_，_明尼哈_诺夫_说道_。	雨_是_美好_的_象征_。_如果_某_件_事_开始_前_下_了_雨_，_这就_意味着_“_天时_”_，_明尼哈诺夫_说道_。	雨_是_美好_的_象征_。_如果_某件_事_开始_前_下_了_雨_，_这_就_意味_着_“_天时_”_，_明_尼_哈诺夫_说道_。
37	9	6	Рассказала руководитель Агентства инвестиционного развития РТ Талия Минуллина, что есть проекты в разработке, связанные с сервисами, — это строительство медицинского центра в Казани и китайского ресторана. А в эту сторону надо работать, так как китайская медицина — серьезный инструмент для развития медицинского туризма.	鞑靼斯坦共和国投资发展机构的塔利亚·米卢丽娜表示，服务方面的项目正在开发，也就是在喀山建设医疗中心和中餐厅。这方面仍需努力，因为中医是发展医疗旅游的重要途径。	Минуллина	塔利亚_米卢丽娜	斯坦共和国_利亚_	鞑靼斯坦_共和国_投资_发展_机构_的_塔利亚_·_米_卢丽娜_表示_，_服务_方面_的_项目_正在_开发_，_也_就是_在_喀山_建设_医疗_中心_和_中餐厅_。_这方面_仍_需_努力_，_因为_中医_是_发展_医疗_旅游_的_重要途径_。	鞑靼斯坦_共和国_投资_发展_机构_的_塔利亚·米卢丽娜_表示_，_服务_方面_的_项目_正在_开发_，_也_就是_在_喀山_建设_医疗_中心_和_中餐厅_。_这_方面_仍_需_努力_，_因为_中医_是_发展_医疗_旅游_的_重要_途径_。	鞑靼斯坦_共和国_投资_发展_机构_的_塔利亚·米卢丽娜_表示_，_服务_方面_的_项目_正在_开发_，_也就是_在_喀山_建设_医疗_中心_和_中餐厅_。_这_方面_仍_需_努力_，_因为_中医_是_发展_医疗_旅游_的_重要_途径_。
38	1	2	За законопроект было подано 247 голосов при минимально необходимых 226. Автором инициативы выступил лидер Радикальной партии Олег Ляшко. 	 该法案以247票赞成被通过，所需最低票数为226票。该法案的提出者是乌克兰“激进党”领导人奥列格·利亚什科。	Олег_Ляшко	奥列格_利亚什科	亚什科_	 _该_法案_以_247_票_赞成_被_通过_，_所_需_最低_票数_为_226_票_。_该_法案_的_提出_者_是_乌克兰_“_激进党_”_领导人_奥列格_·_利亚_什科_。	该_法案_以_247_票_赞成_被_通过_，_所需_最低_票数_为_226_票_。_该_法案_的_提出者_是_乌克兰_“_激进党_”_领导人_奥列格·利亚什科_。	该_法案_以_247_票_赞成_被_通过_，_所需_最低_票数_为_226_票_。_该_法案_的_提出_者_是_乌克兰_“_激进党_”_领导人_奥列格·利亚什科_。
39	3	0	 Песков: руководство РФ пока не приняло решения об экономических мерах в отношении Грузии	佩斯科夫：俄领导层尚未决定对格鲁吉亚实施经济制裁	Песков_РФ	佩斯科夫	科夫_	佩_斯科夫_：_俄_领导层_尚未_决定_对_格鲁吉亚_实施_经济制裁	佩斯科夫_：_俄_领导层_尚未_决定_对_格鲁吉亚_实施_经济_制裁	佩斯_科夫_：_俄_领导层_尚_未_决定_对_格鲁吉亚_实施_经济_制裁
40	3	2	Естественно, такая жесткая реакция российских парламентариев, причем абсолютное единодушие в этой позиции, которую они заняли на фоне беспрецедентного поведения грузинского телеведущего, - в беседе с журналистами оценил пресс-секретарь президента России Дмитрий Песков принятие Госдумой заявления по Грузии. 	谈到俄国家杜马通过的对格宣言问题时，俄罗斯总统新闻秘书德米特里·佩斯科夫向记者表示：“显然，俄罗斯议员强烈反应和一致立场与格鲁吉亚电视台主持人前所未有的行为有关”。	России_Дмитрий_Песков	俄罗斯_德米特里_佩斯科夫	德米特里_俄罗斯_	谈到_俄国家杜马_通过_的_对格_宣言_问题_时_，_俄罗斯_总统_新闻_秘书_德米特里_·_佩_斯科夫_向_记者_表示_：_“_显然_，_俄罗斯_议员_强烈反应_和_一致_立场_与_格鲁吉亚_电视台_主持人_前所未有_的_行为_有关_”_。	谈_到_俄_国家_杜马_通过_的_对格_宣言_问题_时_，_俄罗斯_总统_新闻_秘书_德米特里·佩斯科夫_向_记者_表示_：_“_显然_，_俄罗斯_议员_强烈_反应_和_一致_立场_与_格鲁吉亚_电视台_主持人_前所未有_的_行为_有关_”_。	谈到_俄_国家_杜马_通过_的_对格_宣言_问题_时_，_俄罗斯_总统_新闻_秘书_德米特里·佩斯_科夫_向_记者_表示_：_“_显然_，_俄罗斯_议员_强烈_反应_和_一致_立场_与_格鲁吉亚_电视台_主持人_前所未有_的_行为_有关_”_。
41	5	1	В 17 лет Анна Кузина поступила на восточный факультет СПбГУ, следом получила степень магистра в Пекинском университете, после чего в китайском университете политики и права защитила докторскую по юридическим наукам. 	  安娜·库辛娜17岁时进入圣彼得堡国立大学东方系学习，后来在北京大学获得硕士学位，之后又获得中国政法大学法学博士学位。	Анна_Кузина	安娜_库辛娜	圣彼得堡_	 _ _安娜_·_库辛娜_17_岁_时_进入_圣彼得堡_国立大学_东方_系_学习_，_后来_在_北京大学_获得_硕士学位_，_之后_又_获得_中国政法大学_法学博士_学位_。	安娜·库辛娜_17_岁_时_进入_圣彼得堡_国立_大学_东方系_学习_，_后来_在_北京_大学_获得_硕士_学位_，_之后_又_获得_中国_政法_大学_法学_博士_学位_。	安娜·库辛娜_17_岁_时_进入_圣彼得堡_国立_大学_东方_系_学习_，_后来_在_北京_大学_获得_硕士_学位_，_之后_又_获得_中国_政法_大学_法学_博士_学位_。
42	5	4	В Китае Анна Кузина встретила будущего супруга, родила двух дочек-близнецов.	在中国，安娜遇到了自己现在的丈夫，并有了一对双胞胎女儿。	Анна	安娜		在_中国_，_安娜_遇到_了_自己_现在_的_丈夫_，_并_有_了_一对_双胞胎_女儿_。	在_中国_，_安娜_遇到_了_自己_现在_的_丈夫_，_并_有_了_一对_双胞胎_女儿_。	在_中国_，_安娜_遇到_了_自己_现在_的_丈夫_，_并_有_了_一_对_双胞胎_女儿_。
43	6	2	 Сообщается, что накануне Петербургского экономического форума главный исполнительный директор Huawei Го Пин и министр цифрового развития и связи РФ Константин Носков обсуждали возможных переход китайских смартфонов на российский софт в связи с санкциями со стороны США.	报道称，圣彼得堡经济论坛前夕，华为轮值CEO郭平与俄罗斯数字发展、通信和大众传媒部部长康斯坦丁·诺斯科夫已就华为手机受美国制裁影响可能转用俄罗斯系统一事进行了商论。	Константин_Носков	康斯坦丁_诺斯科夫	圣彼得堡_诺斯科夫_俄罗斯_	报道_称_，_圣彼得堡_经济_论坛_前夕_，_华为_轮值_CEO_郭平_与_俄罗斯_数字_发展_、_通信_和_大众传媒_部_部长_康斯坦丁_·_诺_斯科夫_已_就_华为_手机_受_美国_制裁_影响_可能_转用_俄罗斯_系统_一事_进行_了_商论_。	报道_称_，_圣彼得堡_经济_论坛_前夕_，_华为_轮值_CEO_郭平_与_俄罗斯_数字_发展_、_通信_和_大众_传媒部_部长_康斯坦丁·诺斯科夫_已_就_华为_手机_受_美国_制裁_影响_可能_转用_俄罗斯_系统_一_事_进行_了_商论_。	报道_称_，_圣彼得堡_经济_论坛_前夕_，_华为_轮值_CEO_郭平_与_俄罗斯_数字_发展_、_通信_和_大众_传媒_部_部长_康斯坦丁·诺斯科夫_已_就_华为_手机_受_美国_制裁_影响_可能_转用_俄罗斯_系统_一事_进行_了_商论_。
44	6	3	Замену Android может составить российская ОС «Аврора», созданная на базе финской ОС Sailfish и принадлежащая компании «Ростелеком» и бизнесмену Григорию Березкину, пишет The Bell со ссылкой на источники, знакомые с ситуацией.	The Bell网站援引知情人士消息报道，操作系统“极光”（Aurora）可能会替代安卓系统，这款系统在芬兰“旗鱼”（Sailfish）操作系统基础上开发而成，其所有者是俄罗斯电信公司和企业家格里高利·别列兹金。	Аврора_Григорию_Березкину	格里高利_别列兹金	俄罗斯_列兹金_	The_ _Bell_网站_援引_知情_人士_消息_报道_，_操作系统_“_极光_”_（_Aurora_）_可能_会_替代_安卓_系统_，_这_款_系统_在_芬兰_“_旗鱼_”_（_Sailfish_）_操作系统_基础_上_开发_而成_，_其_所有者_是_俄罗斯_电信公司_和_企业家_格里_高利_·_别列兹金_。	The_Bell_网站_援引_知情_人士_消息_报道_，_操作_系统_“_极光_”_（_Aurora_）_可能_会_替代_安卓_系统_，_这_款_系统_在_芬兰_“_旗鱼_”_（_Sailfish_）_操作_系统_基础_上_开发_而_成_，_其_所有者_是_俄罗斯_电信_公司_和_企业家_格里高利·别列兹金_。	The_Bell_网站_援引_知情_人士_消息_报道_，_操作_系统_“_极光_”_（_Aurora_）_可能_会_替代_安卓_系统_，_这_款_系统_在_芬兰_“_旗鱼_”_（_Sailfish_）_操作_系统_基础_上_开发_而成_，_其_所有者_是_俄罗斯_电信_公司_和_企业家_格_里_高利·别列兹金_。
45	8	5	Общая касса фильма Антона Мегердичева после шести дней достигла 30,91 млн юаней или $4,48 млн. Это пятый результат для всех российских фильмов в Китае и третий для игрового кино.	这部由安东·梅格迪契夫执导的影片上映六天即斩获3091万元人民币（448万美元）票房，这一成绩在中国上映的所有俄罗斯影片中排名第五，竞技题材影片中排名第三。	Антона_Мегердичева	安东_梅格迪契夫	俄罗斯_	这部_由_安东_·_梅格迪_契夫_执导_的_影片_上映_六天_即_斩获_3091_万元_人民币_（_448_万美元_）_票房_，_这一_成绩_在_中国_上映_的_所有_俄罗斯_影片_中_排名_第五_，_竞技_题材_影片_中_排名_第三_。	这部_由_安东·梅格迪契夫_执导_的_影片_上映_六_天_即_斩获_3091万_元_人民币_（_448万_美元_）_票房_，_这_一_成绩_在_中国_上映_的_所有_俄罗斯_影片_中_排名_第五_，_竞技_题材_影片_中_排名_第三_。	这_部_由_安东_·_梅格_迪契夫_执导_的_影片_上映_六_天_即_斩获_3091万_元_人民币_（_448万_美元_）_票房_，_这_一_成绩_在_中国_上映_的_所有_俄罗斯_影片_中_排名_第五_，_竞技_题材_影片_中_排名_第三_。
46	9	1	4 августа – GLAS. Профессиональный востоковед и полиглот Евгения Тихонова заявила, что российским туристам не стоит бояться ехать в Китай из-за языкового барьера. 	俄罗斯GLAS新闻网站8月4日报道，精通多国语言的东方学家叶甫盖尼娅·季霍诺娃认为，俄罗斯人不用因为语言障碍就害怕前往中国。	Евгения_Тихонова	叶甫盖尼娅_季霍诺娃	俄罗斯_罗斯_	俄罗斯_GLAS_新闻_网站_8_月_4_日_报道_，_精通_多_国_语言_的_东方学家_叶甫盖_尼娅_·_季霍_诺娃_认为_，_俄罗斯_人_不用_因为_语言障碍_就_害怕_前往_中国_。	俄罗斯_GLAS_新闻_网站_8月_4日_报道_，_精通_多_国_语言_的_东方学家_叶甫盖尼娅·季霍诺娃_认为_，_俄罗斯人_不用_因为_语言_障碍_就_害怕_前往_中国_。	俄罗斯_GLAS_新闻_网站_8月_4日_报道_，_精通_多国_语言_的_东方_学家_叶甫盖尼娅·季霍诺娃_认为_，_俄罗斯人_不用_因为_语言_障碍_就_害怕_前往_中国_。
47	9	5	Евгения Тихонова посоветовала путешественникам, которые хотя бы минимально владеют английским, передвигаться в пределах туристической зоны Китая, так как именно там минимума знания английского будет вполне достаточно, а знание китайского и вовсе не требуется. 	叶甫盖尼娅·季霍诺娃建议游客们，哪怕只会最简单的英语，也可以去中国的景区游玩，因为在那里英语已经足够了，完全不需要懂汉语。	Евгения_Тихонова	叶甫盖尼娅_季霍诺娃	盖尼_	叶甫盖_尼娅_·_季霍_诺娃_建议_游客_们_，_哪怕_只会_最_简单_的_英语_，_也_可以_去_中国_的_景区_游玩_，_因为_在_那里_英语_已经_足够_了_，_完全_不_需要_懂_汉语_。	叶甫盖尼娅·季霍诺娃_建议_游客们_，_哪怕_只_会_最_简单_的_英语_，_也_可以_去_中国_的_景区_游玩_，_因为_在_那里_英语_已经_足够_了_，_完全_不_需要_懂_汉语_。	叶甫盖尼娅·季霍诺娃_建议_游客们_，_哪怕_只_会_最_简单_的_英语_，_也_可以_去_中国_的_景区_游玩_，_因为_在_那里_英语_已经_足够_了_，_完全_不_需要_懂_汉语_。
48	1	1	В.Путин: Дорогие друзья! Приветствую всех гостей легендарного московского стадиона «Лужники», всех, кто собрался в многочисленных фан-зонах чемпионата мира FIFA, кто видит нас на телеэкранах или в интернете. 	  普京：亲爱的朋友们！ 欢迎莫斯科卢日尼基体育场的所有来宾，欢迎所有观众席上的球迷们，欢迎电视机前及电脑前的球迷们。	Путин_Москва_Лужники	普京_莫斯科_卢日尼基	普京_尼基_	 _ _普京_：_亲爱_的_朋友_们_！_ _欢迎_莫斯科_卢日尼基_体育场_的_所有_来宾_，_欢迎_所有_观众席_上_的_球迷_们_，_欢迎_电视机_前及_电脑前_的_球迷_们_。	普京_：_亲爱_的_朋友们_！_欢迎_莫斯科_卢日尼基_体育场_的_所有_来宾_，_欢迎_所有_观众席_上_的_球迷们_，_欢迎_电视机_前_及_电脑_前_的_球迷们_。	普京_：_亲爱的_朋友们_！_欢迎_莫斯科_卢日尼基_体育场_的_所有_来宾_，_欢迎_所有_观众_席上_的_球迷们_，_欢迎_电视_机前_及_电脑_前_的_球迷们_。
49	3	1	"МОСКВА, 9 июля. /ТАСС/. Депутат заксобрания Владимирской области Павел Антов, чей доход составил в 2018 году 9,97 млрд рублей, занял первое место в рейтинге 100 богатейших госслужащих и депутатов России, который во вторник опубликован на сайте российского издания Forbes."" Список возглавил депутат заксобрания Владимирской области Павел Антов - основатель группы компаний ""Владимирский стандарт""."	塔斯社报道，福布斯在本周二发布了“俄罗斯政府工作人员收入”排行榜。排在榜首的是弗拉基米尔州立法会议议员巴维尔·安托夫，弗拉基米尔标准集团公司创始人帕维尔·安多夫集团的创始人。	МОСКВА_Павел_Антов_России_Павел_Антов	巴维尔_安托夫	弗拉基米尔州_弗拉基米尔_帕维尔_	塔斯社_报道_，_福布斯_在_本_周二_发布_了_“_俄罗斯政府_工作人员_收入_”_排行榜_。_排_在_榜首_的_是_弗拉基米尔_州_立法_会议_议员_巴维尔_·_安托夫_，_弗拉基米尔_标准_集团公司_创始人_帕维尔_·_安_多夫_集团_的_创始人_。	塔斯社_报道_，_福布斯_在_本周二_发布_了_“_俄罗斯_政府_工作_人员_收入_”_排行榜_。_排_在_榜首_的_是_弗拉基米尔州_立法_会议_议员_巴维尔·安托夫_，_弗拉基米尔_标准_集团公司_创始人_帕维尔·安多夫_集团_的_创始人_。	塔斯社_报道_，_福布斯_在_本_周二_发布_了_“_俄罗斯_政府_工作_人员_收入_”_排行榜_。_排在_榜首_的_是_弗拉基米尔_州_立法会议_议员_巴维尔·安托夫_，_弗拉基米尔_标准_集团_公司_创始人_帕维尔·安多_夫_集团_的_创始人_。
50	3	3	"На второй позиции в списке оказался депутат Законодательного собрания Челябинской области Константин Струков - президент ""Южуралзолото Группа компаний"". "	排名第二的是车里雅宾斯克州的立法会议议员康斯坦丁·斯特鲁科夫，他也是南乌拉尔采金生产联合公司 (Yuzhuralzoloto)的所有人之一。	Константин_Струков	康斯坦丁_斯特鲁科夫	车里雅宾斯克州_斯特鲁科夫_南乌拉尔_	排名_第二_的_是_车里雅宾斯克_州_的_立法_会议_议员_康斯坦丁_·_斯特_鲁_科夫_，_他_也_是_南_乌拉尔_采金_生产_联合_公司_ _(_Yuzhuralzoloto_)_的_所有人_之一_。	排名_第二_的_是_车里雅宾斯克州_的_立法_会议_议员_康斯坦丁·斯特鲁科夫_，_他_也_是_南_乌拉尔_采金_生产_联合_公司_(_Yuzhuralzoloto_)_的_所有人_之一_。	排名_第二_的_是_车里雅宾斯克州_的_立法_会议_议员_康斯坦丁·斯特鲁科夫_，_他_也是_南_乌拉尔_采金_生产_联合_公司_(_Yuzhuralzoloto_)_的_所有_人_之一_。
51	3	4	Forbes оценивает состояние Струкова в 4,5 млрд рублей.	据福布斯评估，斯特鲁科夫去年资产为45亿卢布（约合人民币4.84亿元）。	Струкова	斯特鲁科夫	斯特鲁科夫_	据_福布斯_评估_，_斯特_鲁_科夫_去年_资产_为_45_亿_卢布_（_约合_人民币_4.84_亿元_）_。	据_福布斯_评估_，_斯特鲁科夫_去年_资产_为_45亿_卢布_（_约_合_人民币_4.84亿_元_）_。	据_福布斯_评估_，_斯特鲁科夫_去年_资产_为_45亿_卢布_（_约_合_人民币_4.84亿_元_）_。
52	3	5	"На третьем месте рейтинга - депутат Белгородской областной думы Сергей Гусев, который владеет кондитерской фабрикой ""Славянка""."	排名第三的是别尔哥罗德州的杜马议员，斯拉维扬卡(Slavyanka)甜食制品厂厂长谢尔盖·古谢夫。	Славянка_Сергей_Гусев	斯拉维扬卡_谢尔盖_古谢夫	别尔哥罗德州_斯拉维扬卡_古谢夫_	排名_第三_的_是_别尔哥罗德_州_的_杜马_议员_，_斯拉_维扬卡_(_Slavyanka_)_甜食_制品厂_厂长_谢尔盖_·_古谢夫_。	排名_第三_的_是_别尔哥罗德州_的_杜马_议员_，_斯拉维扬卡_(_Slavyanka_)_甜食_制品厂_厂长_谢尔盖·古谢夫_。	排名_第三_的_是_别尔哥罗德州_的_杜马_议员_，_斯拉维扬卡_(_Slavyanka_)_甜食_制品厂_厂长_谢尔盖·古谢夫_。
53	3	7	"На четвертом месте расположился член Совета Федерации и совладелец ""Океанрыбфлота"", одного из крупнейших рыбопромышленных предприятий Камчатки, Валерий Пономарев. Его состояние оценивается в 2,4 млрд рублей."	排名第四的是联邦会议议员瓦列里·波诺马廖夫，他的收入为24亿卢布。	Валерий_Пономарев	瓦列里_波诺马廖夫	瓦列里_	排名_第四_的_是_联邦_会议_议员_瓦列里_·_波诺马_廖夫_，_他_的_收入_为_24_亿_卢布_。	排名_第四_的_是_联邦_会议_议员_瓦列里·波诺马廖夫_，_他_的_收入_为_24亿_卢布_。	排名_第四_的_是_联邦_会议_议员_瓦列里·波诺马廖夫_，_他_的_收入_为_24亿_卢布_。
54	3	8	На пятой строчке - депутат Госдумы Григорий Аникеев с 2,3 млрд рублей.	第五名是国家杜马议员格里高利·阿尼克耶夫，23亿卢布。	Григорий_Аникеев	格里高利_阿尼克耶夫	尼克耶夫_	第五名_是_国家杜马_议员_格里_高利_·_阿_尼克_耶夫_，_23_亿_卢布_。	第五_名_是_国家_杜马_议员_格里高利·阿尼克耶夫_，_23亿_卢布_。	第五_名_是_国家_杜马_议员_格_里_高利·阿尼克耶夫_，_23亿_卢布_。
55	4	1	На 20-й Международной конференции по физике «Физика связанных состояний свет-вещество в наноструктурах» (International Conference on Physics of Light-Matter Coupling in Nanostructures, (PLMCN) научный директор оптической лаборатории, профессор Университета Вестлэйк （Westlake University ）Алексей Кавокин отметил, что Китай и Россия поддерживают активное сотрудничество в области квантовых вычислений, страны добились быстрого прогресса в совместных исследованиях квантовых вычислений с использованием полупроводниковых компонентов. 	在莫斯科举行的第20届纳米结构中光与物质相互作用物理国际会议期间，西湖大学光学实验室科学主任阿列克谢·卡沃金教授表示，中俄科学家在量子技术领域积极合作，在半导体量子计算联合研究方面更是突飞猛进。	Москва_Алексей_Кавокин	莫斯科_阿列克谢_卡沃金	阿列克_沃金_科学_	在_莫斯科_举行_的_第_20_届_纳米_结构_中光_与_物质_相互作用_物理_国际_会议_期间_，_西湖_大学_光学_实验室_科学_主任_阿列克谢_·_卡沃金_教授_表示_，_中_俄_科学家_在_量子_技术_领域_积极合作_，_在_半导体_量子_计算_联合_研究_方面_更是_突飞猛进_。	在_莫斯科_举行_的_第20_届_纳米_结构_中光_与_物质_相互_作用_物理_国际_会议_期间_，_西湖_大学_光学_实验室_科学_主任_阿列克谢·卡沃金_教授_表示_，_中_俄_科学家_在_量子_技术_领域_积极_合作_，_在_半导体_量子_计算_联合_研究_方面_更_是_突飞猛进_。	在_莫斯科_举行_的_第20_届_纳米_结构_中_光_与_物质_相互_作用_物理_国际_会议_期间_，_西湖_大学_光学_实验室_科学_主任_阿列克谢·卡沃金_教授_表示_，_中_俄_科学家_在_量子_技术_领域_积极_合作_，_在_半导体_量子_计算_联合_研究_方面_更_是_突飞猛进_。
56	4	2	«Национальный исследовательский технологический университет РФ, Российский квантовый центр и китайский Университет Вестлэйк поддерживают активное сотрудничество в области квантовых технологий. В настоящее время страны совместно развивают полупроводниковую платформу для квантовых вычислений», - отметил Кавокин.	卡沃金说：“俄罗斯国家研究型工艺技术大学、俄罗斯量子中心与西湖大学在量子技术领域积极合作。其中，正在联合发展半导体量子计算平台。”	Кавокин	卡沃金	俄罗斯_罗斯_	卡沃金_说_：_“_俄罗斯_国家_研究型_工艺技术_大学_、_俄罗斯_量子_中心_与_西湖_大学_在_量子_技术_领域_积极合作_。_其中_，_正在_联合_发展_半导体_量子_计算_平台_。_”	卡沃金_说_：_“_俄罗斯_国家_研究型_工艺_技术_大学_、_俄罗斯_量子_中心_与_西湖_大学_在_量子_技术_领域_积极_合作_。_其中_，_正在_联合_发展_半导体_量子_计算_平台_。_”	卡沃金_说_：_“_俄罗斯_国家_研究型_工艺_技术_大学_、_俄罗斯_量子_中心_与_西湖_大学_在_量子_技术_领域_积极_合作_。_其中_，_正在_联合_发展_半导体_量子_计算_平台_。_”
57	7	2	Премьер-министр РФ Дмитрий Медведев 29 января подписал постановление правительства, по которому молоко и молочные продукты должны продаваться в магазинах с пометкой, что в них не содержится заменителей молочного жира.	俄总理梅德韦杰夫于1月29日签署政府命令：不含乳脂替代品的牛奶及乳制品外包装应有相应标注。	Медведев	梅德韦杰夫	梅德韦杰夫_	俄_总理_梅德韦_杰夫_于_1_月_29_日_签署_政府_命令_：_不_含_乳脂_替代品_的_牛奶_及_乳制品_外包装_应有_相应_标注_。	俄_总理_梅德韦杰夫_于_1月_29日_签署_政府_命令_：_不_含_乳脂_替代品_的_牛奶_及_乳制品_外包装_应有_相应_标注_。	俄_总理_梅德韦_杰夫_于_1月_29日_签署_政府_命令_：_不含_乳脂_替代品_的_牛奶_及_乳制品_外包装_应_有_相应_标注_。
58	17	5	На форуме председатель Русско-Азиатского Союза промышленников и предпринимателей Виталий Манкевич в интервью газете «Жэньминь жибао» отметил, что внутреннее потребление стало важной движущей силой экономического роста в Китае, обширный потребительский рынок предоставляет большие возможности для российских товаров. 	论坛上，俄罗斯亚洲工业企业家联合会主席曼科维奇对本报记者表示，中国的国内消费已经成为拉动经济增长的重要动力，广阔的消费市场为俄罗斯商品进入中国提供了巨大机遇。	Россия_Манкевич	俄罗斯_曼科维奇	俄罗斯_罗斯_	论坛_上_，_俄罗斯_亚洲_工业_企业家_联合会_主席_曼_科维奇_对_本报记者_表示_，_中国_的_国内_消费_已经_成为_拉动_经济_增长_的_重要_动力_，_广阔_的_消费市场_为_俄罗斯_商品_进入_中国_提供_了_巨大_机遇_。	论坛_上_，_俄罗斯_亚洲_工业_企业家_联合会_主席_曼科维奇_对_本报_记者_表示_，_中国_的_国内_消费_已经_成为_拉动_经济_增长_的_重要_动力_，_广阔_的_消费_市场_为_俄罗斯_商品_进入_中国_提供_了_巨大_机遇_。	论坛_上_，_俄罗斯_亚洲_工业_企业家_联合会_主席_曼科维奇_对_本_报_记者_表示_，_中国_的_国内_消费_已经_成为_拉动_经济_增长_的_重要_动力_，_广阔_的_消费_市场_为_俄罗斯_商品_进入_中国_提供_了_巨大_机遇_。
59	17	9	Запущены три производственные линии по сжижению газа завода «Ямал», в работе которого принимает участие Китай. Кроме этого, ожидается, что символические проекты по взаимной связи, а именно трансграничный железнодорожный мост Нижнеленинское – Тунцзян, автомобильный мост Благовещенск – Хэйхэ и восточная линия китайско-российского газопровода, будут запущены до конца этого года. 	中方参与北极开发合作的示范项目——亚马尔液化天然气三条生产线全部投产，两国互联互通标志性工程——同江铁路桥和黑河公路桥陆续合龙，东线天然气管道项目有望年内投产。	Ямал	亚马尔	马尔_	中方_参与_北极_开发_合作_的_示范_项目_—_—_亚马尔_液化_天然气_三条_生产线_全部_投产_，_两_国_互联互通_标志性_工程_—_—_同江_铁路桥_和_黑河_公路桥_陆续_合龙_，_东线_天然气_管道_项目_有望_年内_投产_。	中方_参与_北极_开发_合作_的_示范_项目_——_亚马尔_液化_天然气_三_条_生产线_全部_投产_，_两_国_互联_互通_标志性_工程_——_同江_铁路桥_和_黑河_公路桥_陆续_合龙_，_东线_天然气_管道_项目_有望_年内_投产_。	中方_参与_北极_开发_合作_的_示范_项目_——_亚马尔_液化_天然气_三_条_生产线_全部_投产_，_两_国_互联_互通_标志性_工程_——_同江_铁路桥_和_黑河_公路桥_陆续_合龙_，_东线_天然气_管道_项目_有望_年内_投产_。
60	17	11	Нынешний российско-китайский бизнес-форум привлек к участию представителей администраций более 10 областей РФ, в том числе Московской, Орловской и Смоленской областей. Это в полной мере свидетельствует о том, что правительства административных единиц России придают особое значение торгово-экономическому сотрудничеству с Китаем. 	此次俄中商务论坛吸引了包括莫斯科州、奥廖尔州、斯摩棱斯克州等俄罗斯10多个地区的政府代表参加，足见俄罗斯地方政府对与中国进行经贸合作的重视。	РФ_Московской_Орловской_Смоленской_России	莫斯科_奥廖尔_斯摩棱斯克	斯摩棱斯克州_俄罗斯_罗斯_	此次_俄中_商务论坛_吸引_了_包括_莫斯科州_、_奥廖尔_州_、_斯摩棱斯克_州_等_俄罗斯_10_多个_地区_的_政府_代表_参加_，_足见_俄罗斯_地方_政府_对_与_中国_进行_经贸合作_的_重视_。	此次_俄_中_商务_论坛_吸引_了_包括_莫斯科州_、_奥廖尔州_、_斯摩棱斯克州_等_俄罗斯_10多_个_地区_的_政府_代表_参加_，_足见_俄罗斯_地方政府_对_与_中国_进行_经贸_合作_的_重视_。	此_次_俄中_商务_论坛_吸引_了_包括_莫斯科州_、_奥廖尔州_、_斯摩棱斯克州_等_俄罗斯_10多_个_地区_的_政府_代表_参加_，_足见_俄罗斯_地方_政府_对_与_中国_进行_经贸_合作_的_重视_。
61	17	13	Манкевич считает, что в последние несколько лет китайские предприятия сосредоточивают свои инвестиции в России в таких сферах, как машиностроение, биотехнология и медицина. 	曼科维奇认为，最近几年中国企业在俄罗斯投资逐渐聚焦机械制造、生物科技、医疗等领域。	Манкевич_России	曼科维奇	俄罗斯_	曼_科维奇_认为_，_最近_几年_中国_企业_在_俄罗斯_投资_逐渐_聚焦_机械制造_、_生物科技_、_医疗_等_领域_。	曼科维奇_认为_，_最近_几_年_中国_企业_在_俄罗斯_投资_逐渐_聚焦_机械_制造_、_生物_科技_、_医疗_等_领域_。	曼科维奇_认为_，_最近_几_年_中国_企业_在_俄罗斯_投资_逐渐_聚焦_机械_制造_、_生物_科技_、_医疗_等_领域_。
62	17	16	«Мы создали информационную интернет-платформу для экспортеров и импортеров. На одной из встреч предпринимателей участники обсуждали темы, связанные с Китаем, в связи с этим мы запустили платформу, предоставляющую услуги на китайском языке, а также представили двухмерный штрих-код для пользователей WeChat», - отметила советник заместителя президента Сбербанка Наталья. 	“我们为出口商和进口商搭建了一个了解彼此信息的互联网平台。在一个俄罗斯企业家的会议上，大家总在谈论与中国有关的话题，于是我们开发了平台的中文服务，还引进了微信二维码。”俄罗斯储蓄银行副总裁顾问娜塔莉亚向记者介绍。	Наталья	俄罗斯_娜塔莉亚	俄罗斯_罗斯_	“_我们_为_出口商_和_进口商_搭建_了_一个_了解_彼此_信息_的_互联网_平台_。_在_一个_俄罗斯_企业家_的_会议_上_，_大家_总在_谈论_与_中国_有关_的_话题_，_于是_我们_开发_了_平台_的_中文_服务_，_还_引进_了_微信_二维码_。_”_俄罗斯_储蓄银行_副总裁_顾问_娜塔莉_亚向_记者_介绍_。	“_我们_为_出口商_和_进口商_搭建_了_一个_了解_彼此_信息_的_互联网_平台_。_在_一个_俄罗斯_企业家_的_会议_上_，_大家_总_在_谈论_与_中国_有关_的_话题_，_于是_我们_开发_了_平台_的_中文_服务_，_还_引进_了_微信_二维码_。_”_俄罗斯_储蓄_银行_副总裁_顾问_娜塔莉亚_向_记者_介绍_。	“_我们_为_出口商_和_进口商_搭建_了_一_个_了解_彼此_信息_的_互联网_平台_。_在_一_个_俄罗斯_企业家_的_会议_上_，_大家_总_在_谈论_与_中国_有关_的_话题_，_于是_我们_开发_了_平台_的_中文_服务_，_还_引进_了_微_信_二维码_。_”_俄罗斯_储蓄_银行_副总裁_顾问_娜塔莉亚_向_记者_介绍_。
63	8	1	СЕВЕРОМОРСК /Мурманская область/, 3 июля. /ТАСС/. 	塔斯社摩尔曼斯克州北莫尔斯克7月3日电   	Североморск_Мурманская	摩尔曼斯克_北莫尔斯克	摩尔曼斯克州_北莫尔斯克_	塔斯社_摩尔曼斯克_州_北莫尔斯克_7_月_3_日电_ _ _ 	塔斯社_摩尔曼斯克州_北莫尔斯克_7月_3日_电	塔斯社_摩尔曼斯克_州_北_莫尔斯_克_7月_3日_电
64	8	2	Первым из горящего отсека глубоководного аппарата ВМФ РФ подводники эвакуировали гражданского, задраив за ним люк, чтобы не допустить распространения пожара. Об этом сообщил министр обороны Сергей Шойгу.	俄罗斯国防部部长谢尔盖·绍伊古称，首先从俄罗斯海军深潜器起火舱中被疏散出来的是公民，随后（潜艇艇员）关闭了舱门，以防火灾蔓延。	Сергей_Шойгу	谢尔盖_绍伊古	俄罗斯_谢尔盖_罗斯_	俄罗斯国防部_部长_谢尔盖_·_绍伊_古称_，_首先_从_俄罗斯_海军_深潜_器_起火_舱_中_被_疏散_出来_的_是_公民_，_随后_（_潜艇_艇员_）_关闭_了_舱门_，_以防_火灾_蔓延_。	俄罗斯_国防部_部长_谢尔盖·绍伊古_称_，_首先_从_俄罗斯_海军_深潜器_起火舱_中_被_疏散_出来_的_是_公民_，_随后_（_潜艇_艇员_）_关闭_了_舱门_，_以防_火灾_蔓延_。	俄罗斯_国防部_部长_谢尔盖·绍伊古称_，_首先_从_俄罗斯_海军_深潜器_起火_舱_中_被_疏散_出来_的_是_公民_，_随后_（_潜艇_艇员_）_关闭_了_舱门_，_以防_火灾_蔓延_。
65	10	5	По словам генерального директора Московского зоопарка Светланы Акуловой, онлайн-трансляции помогут лучше узнать бамбуковых медведей.	莫斯科动物园总经理斯韦特兰娜·阿库洛娃表示，在线直播有助于公众更好地了解大熊猫。	Светланы_Акуловой	斯韦特兰娜_阿库洛娃	斯韦特兰_	莫斯科_动物园_总经理_斯韦特_兰娜_·_阿库_洛娃_表示_，_在线_直播_有助于_公众_更好_地_了解_大熊猫_。	莫斯科_动物园_总经理_斯韦特兰娜·阿库洛娃_表示_，_在线_直播_有助于_公众_更_好_地_了解_大熊猫_。	莫斯科_动物园_总经理_斯韦特兰娜·阿库洛娃_表示_，_在线_直播_有助于_公众_更_好_地_了解_大熊猫_。
66	14	1	Журналистка Ольга Кузьменкова изложила в Facebook свою версию, из-за чего ее вместе с супругом Павлом Борисовым уволили из лондонской редакции «Би-би-си», где они работали редакторами.	女记者奥莉加·库兹缅科娃在Facebook上对于自己和丈夫帕维尔·鲍里索夫被从BBC伦敦编辑部辞退给出了自己的说法，夫妇俩本来都在这家媒体担任编辑。	Ольга_Кузьменкова_Павлом_Борисовым	奥莉加_库兹缅科娃_帕维尔_鲍里索夫	库兹缅科_鲍里索夫_	女_记者_奥莉加_·_库兹_缅科娃_在_Facebook_上_对于_自己_和_丈夫_帕维尔_·_鲍里_索夫_被_从_BBC_伦敦_编辑部_辞退_给出_了_自己_的_说法_，_夫妇俩_本来_都_在_这家_媒体_担任_编辑_。	女_记者_奥莉加·库兹缅科娃_在_Facebook_上_对于_自己_和_丈夫_帕维尔·鲍里索夫_被_从_BBC_伦敦_编辑部_辞退_给出_了_自己_的_说法_，_夫妇_俩_本来_都_在_这家_媒体_担任_编辑_。	女_记者_奥莉加·库兹缅_科娃_在_Facebook_上_对于_自己_和_丈夫_帕维尔·鲍里索夫_被_从_BBC_伦敦_编辑部_辞退_给出_了_自己_的_说法_，_夫妇_俩_本来_都_在_这_家_媒体_担任_编辑_。
67	14	2	По словам журналистки, Борисов пришел на работу, но числился вне штата, что вызывало негативное отношение со стороны его новых коллег. 	女记者说，鲍里索夫来工作，但属于编外人员，这使得他的新同事不满。	Борисов	鲍里索夫	鲍里索夫_	女_记者_说_，_鲍里_索夫来_工作_，_但_属于_编外人员_，_这_使得_他_的_新_同事_不满_。	女_记者_说_，_鲍里索夫_来_工作_，_但_属于_编外_人员_，_这_使得_他_的_新_同事_不满_。	女_记者_说_，_鲍里索夫_来_工作_，_但_属于_编外_人员_，_这_使得_他_的_新_同事_不满_。
68	14	3	Начальство предупреждало его о возможном прессинге со стороны других сотрудников, что в итоге и произошло, пишет Кузьменкова.	库兹缅科娃写道，上级提前提醒过他有可能受到来自其他同事的压力，这也最终发生了。	Кузьменкова	库兹缅科娃	库兹缅科_	库兹_缅科娃_写道_，_上级_提前_提醒_过_他_有_可能_受到_来自_其他_同事_的_压力_，_这_也_最终_发生_了_。	库兹缅科娃_写道_，_上级_提前_提醒_过_他_有_可能_受到_来自_其他_同事_的_压力_，_这_也_最终_发生_了_。	库兹缅科娃_写道_，_上级_提前_提醒_过_他_有_可能_受到_来自_其他_同事_的_压力_，_这_也_最终_发生_了_。
69	16	2	"Российская молочная продукция является одним из наиболее перспективных товаров для поставок на рынок Китая. Об этом в понедельник в беседе с корреспондентом ТАСС на полях VI Российско-китайского ЭКСПО в Харбине заявил руководитель пекинского офиса консалтинговой группы ""Окно в Китай"" Александр Зайнигабдинов."	俄罗斯“中国之窗”咨询集团有限公司北京代表处负责人亚历山大·扎尼加布迪诺夫周一在第六届中俄博览会现场与塔斯社记者的对话中称，俄罗斯乳制品是销往中国市场的最具前景的商品之一。	Александр_Зайнигабдинов	亚历山大_扎尼加布迪诺夫	亚历山大_俄罗斯_	俄罗斯_“_中国_之窗_”_咨询_集团_有限公司_北京_代表处_负责人_亚历山大_·_扎尼_加布_迪_诺夫_周一_在_第六届_中_俄_博览会_现场_与_塔斯社_记者_的_对话_中称_，_俄罗斯_乳制品_是_销往_中国_市场_的_最具_前景_的_商品_之一_。	俄罗斯_“_中国_之_窗_”_咨询_集团_有限_公司_北京_代表处_负责人_亚历山大·扎尼加布迪诺夫_周一_在_第六_届_中_俄_博览会_现场_与_塔斯社_记者_的_对话_中_称_，_俄罗斯_乳制品_是_销往_中国_市场_的_最_具_前景_的_商品_之一_。	俄罗斯_“_中国_之_窗_”_咨询_集团_有限_公司_北京_代表处_负责人_亚历山大·扎尼加_布迪诺夫_周一_在_第六_届_中_俄_博览会_现场_与_塔斯社_记者_的_对话_中称_，_俄罗斯_乳制品_是_销往_中国_市场_的_最_具_前景_的_商品_之一_。
70	16	5	"Взять, к примеру, Уссурийский молокозавод, - продолжил эксперт. - Из Уссурийска до границы ехать час. 	“以乌苏里奶制品工厂为例，”专家继续道，“从乌苏里斯克到边境开车只需一个小时。	4_9	Уссурийский_Уссурийска	乌苏里
16	7	По словам Зайнигабдинова, производители других стран мира по такой схеме работать не смогут. "	根据扎尼加布迪诺夫的说法，其他国家的生产商无法这样工作。	Зайнигабдинова	扎尼加布迪诺夫	诺夫_	根据_扎尼_加布_迪_诺夫_的_说法_，_其他_国家_的_生产商_无法_这样_工作_。	根据_扎尼加布迪诺夫_的_说法_，_其他_国家_的_生产商_无法_这样_工作_。	根据_扎尼加_布迪诺夫_的_说法_，_其他_国家_的_生产商_无法_这样_工作_。
71	17	2	Китай занимает первое место среди стран, откуда в Москву приезжают больше всего туристов, сообщила начальник управления туризма комитета по туризму Москвы Екатерина Борисова.	莫斯科旅游委员会旅游局局长叶卡捷琳娜·鲍里索娃称，中国游客赴莫斯科旅游的人数位居首位。	Москву_Москвы_Екатерина_Борисова	莫斯科_叶卡捷琳娜_鲍里索娃	叶卡捷琳_	莫斯科_旅游_委员会_旅游局_局长_叶卡捷琳娜_·_鲍里_索娃称_，_中国_游客_赴_莫斯科_旅游_的_人数_位居_首位_。	莫斯科_旅游_委员会_旅游局_局长_叶卡捷琳娜·鲍里索娃_称_，_中国_游客_赴_莫斯科_旅游_的_人数_位居_首位_。	莫斯科_旅游_委员会_旅游局_局长_叶卡捷琳娜·鲍里索娃称_，_中国_游客_赴_莫斯科_旅游_的_人数_位居_首_位_。
72	17	7	Екатерина Проничева привела, в частности, убедительный пример. В прошлом году во время чемпионата мира по футболу в Москву приехало более 2 миллионов туристов.	叶卡捷琳娜·普罗尼切娃尤其给了一个令人信服的例子。去年世界杯期间超过200万的游客来到莫斯科。	Екатерина_Проничева_Москву	叶卡捷琳娜_普罗尼切娃_莫斯科	叶卡捷琳_	叶卡捷琳娜_·_普罗_尼切_娃_尤其_给_了_一个_令人信服_的_例子_。_去年_世界杯_期间_超过_200_万_的_游客_来到_莫斯科_。	叶卡捷琳娜·普罗尼切娃_尤其_给_了_一个_令人信服_的_例子_。_去年_世界杯_期间_超过_200万_的_游客_来到_莫斯科_。	叶卡捷琳娜·普罗尼切娃_尤其_给_了_一_个_令_人_信服_的_例子_。_去年_世界杯_期间_超过_200万_的_游客_来到_莫斯科_。
73	17	9	Но и без чемпионата в Москву есть за чем приехать, говорила Проничева. 	普罗尼切娃说，就算没有在莫斯科举办的世界杯，也有来莫斯科的理由。	Москву_Проничева	普罗尼切娃		普罗_尼切_娃_说_，_就算_没有_在_莫斯科_举办_的_世界杯_，_也_有_来_莫斯科_的_理由_。	普罗尼切娃_说_，_就算_没有_在_莫斯科_举办_的_世界杯_，_也_有_来_莫斯科_的_理由_。	普罗尼切娃_说_，_就算_没有_在_莫斯科_举办_的_世界杯_，_也_有_来_莫斯科_的_理由_。
74	19	5	По словам Акимова, сейчас решается самый существенный вопрос — с частотами, частотным диапазоном, конверсией частотного спектра. 	阿基莫夫称，现正在解决5G网频率、频段和频谱转换这一根本问题。	Акимова	阿基莫夫	阿基莫夫_	阿基莫夫_称_，_现_正在_解决_5G_网_频率_、_频段_和_频谱_转换_这一_根本_问题_。	阿基莫夫_称_，_现_正在_解决_5G网_频率_、_频段_和_频谱_转换_这_一_根本_问题_。	阿基莫夫称_，_现_正在_解决_5_G_网_频率_、_频段_和_频谱_转换_这_一_根本_问题_。
75	8	11	В Западной Сибири вымирают сразу несколько наречий селькупского языка: на южном и центральном говорят по 5 человек.	还有在西西伯利亚谢尔库普语的几种方言也很快就要消失：在南部和中部都只有5个人在讲这种语言。	Сибири	西伯利亚	西西伯利亚_	还有_在_西西伯利亚_谢尔库_普语_的_几种_方言_也_很快_就要_消失_：_在_南部_和_中部_都_只有_5_个人_在_讲_这种_语言_。	还有_在_西西伯利亚_谢尔库_普语_的_几_种_方言_也_很快_就要_消失_：_在_南部_和_中部_都_只有_5_个人_在_讲_这种_语言_。	还有_在_西西伯利亚_谢尔库普语_的_几_种_方言_也_很_快_就_要_消失_：_在_南部_和_中部_都_只有_5_个_人_在_讲_这_种_语言_。
76	12	30	Исследователь Е.И. Волкова называет одной из таких причин русское православие. 	研究员E.I.沃尔科娃认为其中一个原因是俄罗斯东正教，东正教的神父曾警告人们笑声是魔鬼的工具。	Волкова	沃尔科娃	俄罗斯_	研究员_E_._I_._沃尔科_娃_认为_其中_一个_原因_是_俄罗斯_东正教_，_东正教_的_神父_曾_警告_人们_笑声_是_魔鬼_的_工具_。	研究员_E.I.沃尔科娃_认为_其中_一个_原因_是_俄罗斯_东正教_，_东正教_的_神父_曾_警告_人们_笑声_是_魔鬼_的_工具_。	研究员_E.I._沃尔科娃_认为_其中_一_个_原因_是_俄罗斯_东正教_，_东正教_的_神父_曾_警告_人们_笑声_是_魔鬼_的_工具_。
77	5	0	Богатейший бизнесмен России Алишер Усменов сфокусируется на Китае	俄富豪乌斯马诺夫瞄准中国市场	России_Алишер_Усменов	乌斯马诺夫	乌斯_诺夫_	俄_富豪_乌斯_马_诺夫_瞄准_中国_市场	俄_富豪_乌斯马诺夫_瞄准_中国_市场	俄_富豪_乌斯马诺夫_瞄准_中国_市场
78	5	6	В 2014 году Усманов в интервью американскому телеканалу CNBC оценил доходность своих инвестиций в китайский онлайн-ритейлер Alibaba, как превышающий 500%. 	2014年，乌斯马诺夫在接受美国CNBC频道采访时表示，他在中国电子商务巨头阿里巴巴的投资已经取得超过500%的回报。	Усманов	乌斯马诺夫	阿里巴巴_	2014_年_，_乌斯_马_诺夫_在_接受_美国_CNBC_频道_采访_时_表示_，_他_在_中国_电子商务_巨头_阿里巴巴_的_投资_已经_取得_超过_500%_的_回报_。	2014年_，_乌斯马诺夫_在_接受_美国_CNBC_频道_采访_时_表示_，_他_在_中国_电子_商务_巨头_阿里巴巴_的_投资_已经_取得_超过_500%_的_回报_。	2014年_，_乌斯马诺夫_在_接受_美国_CNBC_频道_采访_时_表示_，_他_在_中国_电子_商务_巨头_阿里巴巴_的_投资_已经_取得_超过_500%_的_回报_。
79	8	1	Китай и Россия создают единую платформу трансграничной электронной торговли. Об этом заявил торговый представитель России в КНР Алексей Груздев на Первом российско-китайском форуме трансграничной электронной торговли, который проходит 6 мая в городе Чжэньцзян провинции Цзянсу.	俄罗斯驻华商务代表阿列克谢·格鲁兹杰夫6日在江苏镇江举行的首届中俄跨境电商大会上表示，俄中就建立跨境电商统一服务平台达成一致，并签署了一揽子合作协议。	Россия_России_Алексей_Груздев	俄罗斯_阿列克谢_格鲁兹杰夫	俄罗斯_阿列克_	俄罗斯_驻华_商务代表_阿列克谢_·_格鲁兹_杰夫_6_日_在_江苏_镇江_举行_的_首届_中_俄_跨境_电商_大会_上_表示_，_俄中_就_建立_跨境_电商_统一_服务平台_达成_一致_，_并_签署_了_一揽子_合作_协议_。	俄罗斯_驻华_商务_代表_阿列克谢·格鲁兹杰夫_6日_在_江苏_镇江_举行_的_首届_中_俄_跨境_电商_大会_上_表示_，_俄_中_就_建立_跨境_电商_统一_服务_平台_达成_一致_，_并_签署_了_一揽子_合作_协议_。	俄罗斯_驻华_商务_代表_阿列克谢_·_格鲁兹_杰夫_6_日_在_江苏_镇江_举行_的_首_届_中_俄_跨境_电商_大会_上_表示_，_俄_中_就_建立_跨境_电商_统一_服务_平台_达成_一致_，_并_签署_了_一揽子_合作_协议_。
80	9	1	Принадлежащий холдингу Газпром-медиа телеканал ТНТ продал права на производство одного из своих самых популярных ситкомов Интерны китайской медиакомпании JSBC. Об этом сообщает Коммерсант со ссылкой на гендиректора группы развлекательного ТВ Газпром-медиа Артура Джанибекяна.	日前，俄罗斯《生意人报》援引TNT喜剧电视台总经理阿尔图尔·扎尼别克杨的话称， “俄气传媒”麾下TNT电视台已将热播情景喜剧《实习医生》的翻拍权出售给江苏省广播电视总台（集团）（以下简称“江苏省广电集团”）。	Артура_Джанибекяна	阿尔图尔_扎尼别克杨	阿尔图尔_	日前_，_俄罗斯_《_生意人_报_》_援引_TNT_喜剧_电视台_总经理_阿尔图_尔_·_扎尼_别克_杨_的话_称_，_ _“_俄气_传媒_”_麾下_TNT_电视台_已_将_热播_情景喜剧_《_实习医生_》_的_翻拍_权_出售_给_江苏省_广播电视_总台_（_集团_）_（_以下_简称_“_江苏省_广电集团_”_）_。	日前_，_俄罗斯_《_生意人_报_》_援引_TNT_喜剧_电视台_总经理_阿尔图尔·扎尼别克杨_的话_称_，_“_俄_气_传媒_”_麾下_TNT_电视台_已_将_热播_情景_喜剧_《_实习_医生_》_的_翻拍权_出售_给_江苏省_广播_电视_总台_（_集团_）_（_以下_简称_“_江苏省_广电_集团_”_）_。	日前_，_俄罗斯_《_生意人_报_》_援引_TNT_喜剧_电视台_总经理_阿尔图尔·扎尼_别克_杨的话_称_，_“_俄_气_传媒_”_麾下_TNT_电视台_已_将_热播_情景_喜剧_《_实习_医生_》_的_翻拍_权_出售_给_江苏省_广播_电视_总台_（_集团_）_（_以下_简称_“_江苏省_广电_集团_”_）_。
81	9	3	По словам Джани бекяна, в последние годы компания JSBC развивает направление телепроизводства.	扎尼别克杨称，近年来，江苏省广电集团大力拓展电视产品制作。	Джанибекяна	扎尼别克杨		扎尼_别克_杨称_，_近年来_，_江苏省_广电集团_大力_拓展_电视_产品_制作_。	扎尼别克_杨_称_，_近年来_，_江苏省_广电_集团_大力_拓展_电视_产品_制作_。	扎尼_别克_杨_称_，_近年_来_，_江苏省_广电_集团_大力_拓展_电视_产品_制作_。
82	10	1	"Цены на билеты на матчи чемпионата мира по футболу 2018 года, который пройдет в России, станут известны в конце июня, об этом в четверг заявил генеральный директор оргкомитета ""Россия-2018"" Алексей Сорокин."	俄罗斯2018年世界杯足球赛组委会首席执行官阿列克谢 索罗金周四表示，将于2018年在俄罗斯举行的世界杯足球赛门票价格将于六月底公布。	России_Россия_Алексей_Сорокин	俄罗斯_阿列克谢_索罗金	俄罗斯_阿列克_索罗金_罗斯_	俄罗斯_2018_年_世界杯_足球赛_组委会_首席_执行官_阿列克谢_ _索罗金_周四_表示_，_将_于_2018_年_在_俄罗斯_举行_的_世界杯_足球赛_门票价格_将_于_六月_底_公布_。	俄罗斯_2018年_世界杯_足球赛_组委会_首席_执行官_阿列克谢_索罗金_周四_表示_，_将_于_2018年_在_俄罗斯_举行_的_世界杯_足球赛_门票_价格_将_于_六月_底_公布_。	俄罗斯_2018年_世界杯_足球赛_组委会_首席_执行官_阿列克谢_索罗金_周四_表示_，_将_于_2018年_在_俄罗斯_举行_的_世界杯_足球赛_门票_价格_将_于_六月_底_公布_。
83	10	2	"Ранее председатель оргкомитета ""Россия-2018"" Виталий Мутко заявлял, что билетная программа ЧМ-2018 будет опубликована в октябре, заявив, что российская сторона пытается убедить ФИФА ввести четвертую категорию билетов, которые будут распространяться только среди граждан РФ и подразумевать разумные цены."	俄罗斯2018年世界杯足球赛组委会主席维塔利 穆特科此前曾表示，2018年世界杯门票方案将于10月公布，称俄方正试图说服国际足联实行只针对俄罗斯公民、价格更合理的第四档门票的销售。	Россия_Виталий_Мутко_РФ	俄罗斯_维塔利_穆特科	俄罗斯_维塔利_罗斯_	俄罗斯_2018_年_世界杯_足球赛_组委会_主席_维塔利_ _穆_特科_此前_曾_表示_，_2018_年_世界杯_门票_方案_将_于_10_月_公布_，_称_俄方_正试图_说服_国际足联_实行_只_针对_俄罗斯_公民_、_价格_更_合理_的_第四_档_门票_的_销售_。	俄罗斯_2018年_世界杯_足球赛_组委会_主席_维塔利_穆特科_此前_曾_表示_，_2018年_世界杯_门票_方案_将_于_10月_公布_，_称_俄方_正_试图_说服_国际_足联_实行_只_针对_俄罗斯_公民_、_价格_更_合理_的_第四_档_门票_的_销售_。	俄罗斯_2018年_世界杯_足球赛_组委会_主席_维塔利_穆特科_此前_曾_表示_，_2018年_世界杯_门票_方案_将_于_10月_公布_，_称_俄_方正_试图_说服_国际_足联_实行_只_针对_俄罗斯_公民_、_价格_更_合理_的_第四_档_门票_的_销售_。
84	10	6	Но это не значит, что цена просто скопируется. Все цены, в том числе на четвертую категорию, решает ФИФА. Это их прерогатива, добавил Сорокин.	"索罗金说：""但这不意味着只是简单地效仿。包括第四类门票在内的所有球票价格均由国际足联决定，这是他们的特权。"""	Сорокин	索罗金	索罗金_	"索罗金_说_：_""_但_这_不_意味着_只是_简单_地_效仿_。_包括_第四类_门票_在内_的_所有_球票_价格_均_由_国际足联_决定_，_这是_他们_的_特权_。_"""	"索罗金_说_：_""_但_这不_意味着_只是_简单_地_效仿_。_包括_第四_类_门票_在内_的_所有_球票_价格_均_由_国际_足联_决定_，_这是_他们_的_特权_。_"""	"索罗金_说_：_""_但_这_不_意味_着_只是_简单_地_效仿_。_包括_第四_类_门票_在内_的_所有_球票_价格_均_由_国际_足联_决定_，_这_是_他们_的_特权_。_"""
85	10	7	Чемпионат мира пройдет с 14 июня по 15 июля 2018 года на12 стадионах в 11 городах России: Москве, Калининграде, Санкт-Петербурге, Волгограде, Казани, Нижнем Новгороде, Самаре, Саранске, Ростове-на-Дону, Сочи и Екатеринбурге.	俄罗斯世界杯足球赛将于2018年6月14日至7月15日在俄罗斯11个城市的12个球场举行。这11个城市是莫斯科、加里宁格勒、圣彼得堡、伏尔加格勒、喀山、下诺夫哥罗德、萨马拉、萨兰斯克、顿河畔罗斯托夫、索契和叶卡捷琳堡。	России_Москве_Калининграде_Санкт-Петербурге_Волгограде_Казани_Новгороде_Самаре_Саранске_Ростове-на-Дону_Сочи_Екатеринбурге	俄罗斯_莫斯科_加里宁格勒_圣彼得堡_伏尔加格勒_喀山_下诺夫哥罗德_萨马拉_萨兰斯克_顿河畔罗斯托夫_索契_叶卡捷琳堡	顿河畔罗斯托夫_叶卡捷琳堡_	俄罗斯_世界杯_足球赛_将_于_2018_年_6_月_14_日至_7_月_15_日_在_俄罗斯_11_个_城市_的_12_个_球场_举行_。_这_11_个_城市_是_莫斯科_、_加里宁格勒_、_圣彼得堡_、_伏尔加格勒_、_喀山_、_下诺夫哥罗德_、_萨马拉_、_萨_兰斯_克_、_顿_河畔_罗斯托夫_、_索契_和_叶卡捷琳堡_。	俄罗斯_世界杯_足球赛_将_于_2018年_6月_14日_至_7月_15日_在_俄罗斯_11_个_城市_的_12_个_球场_举行_。_这_11_个_城市_是_莫斯科_、_加里宁格勒_、_圣彼得堡_、_伏尔加格勒_、_喀山_、_下_诺夫哥罗德_、_萨马拉_、_萨兰斯克_、_顿河_畔罗斯托夫_、_索契_和_叶卡捷琳堡_。	俄罗斯_世界杯_足球赛_将_于_2018年_6月_14日_至_7月_15日_在_俄罗斯_11_个_城市_的_12_个_球场_举行_。_这_11_个_城市_是_莫斯科_、_加里宁_格勒_、_圣彼得堡_、_伏尔加_格勒_、_喀山_、_下_诺夫哥罗德_、_萨马拉_、_萨兰斯_克_、_顿河畔_罗斯托夫_、_索契_和_叶卡捷琳堡_。
